PRAGMA foreign_keys=OFF;
BEGIN TRANSACTION;

DROP TABLE IF EXISTS Game;
DROP TABLE IF EXISTS News;
DROP TABLE IF EXISTS User;
DROP TABLE IF EXISTS News_Type;
DROP TABLE IF EXISTS Subcategory;
DROP TABLE IF EXISTS Category;
DROP TABLE IF EXISTS Source;

CREATE TABLE Source (
    id INTEGER PRIMARY KEY AUTOINCREMENT,
    name TEXT NOT NULL,
    icon_id TEXT
);

INSERT INTO Source VALUES(1,'News','mdi-newspaper');
INSERT INTO Source VALUES(2,'Video','mdi-youtube');
INSERT INTO Source VALUES(3,'Twitter','mdi-twitter');
INSERT INTO Source VALUES(4,'Image','mdi-image');

CREATE TABLE Category (
    id INTEGER PRIMARY KEY AUTOINCREMENT,
    name TEXT NOT NULL,
    icon_id TEXT,
    color TEXT
);

INSERT INTO Category VALUES(1,'entertainment','mdi-emoticon-excited-outline','rgb(214, 39, 40)');
INSERT INTO Category VALUES(3,'science','mdi-test-tube','rgb(44, 160, 44)');
INSERT INTO Category VALUES(4,'sports','mdi-run','rgb(255, 127, 14)');
INSERT INTO Category VALUES(8,'culture','mdi-bookshelf','rgb(148, 103, 189)');
INSERT INTO Category VALUES(11,'societal','mdi-earth','rgb(31, 119, 180)');

CREATE TABLE Subcategory (
    id INTEGER PRIMARY KEY AUTOINCREMENT,
    name TEXT NOT NULL,
    icon_id TEXT,
    category_id INTEGER NOT NULL,
    FOREIGN KEY (category_id) REFERENCES Category(id)
);

INSERT INTO Subcategory VALUES(1,'animals','mdi-cat',1);
INSERT INTO Subcategory VALUES(2,'gag','mdi-bomb',1);
INSERT INTO Subcategory VALUES(3,'softporn','mdi-close-circle',1);
INSERT INTO Subcategory VALUES(4,'video game','mdi-gamepad-variant',1);
INSERT INTO Subcategory VALUES(5,'astronomy','mdi-telescope',3);
INSERT INTO Subcategory VALUES(6,'climate','mdi-earth',3);
INSERT INTO Subcategory VALUES(7,'it','mdi-desktop-classic',3);
INSERT INTO Subcategory VALUES(8,'medicine','mdi-pill',3);
INSERT INTO Subcategory VALUES(9,'physics','mdi-atom',3);
INSERT INTO Subcategory VALUES(10,'balls','mdi-soccer',4);
INSERT INTO Subcategory VALUES(11,'fitness','mdi-weight-lifter',4);
INSERT INTO Subcategory VALUES(12,'racket','mdi-tennis',4);
INSERT INTO Subcategory VALUES(13,'book','mdi-book-open-variant',8);
INSERT INTO Subcategory VALUES(14,'cinema','mdi-movie-open',8);
INSERT INTO Subcategory VALUES(15,'food','mdi-food',8);
INSERT INTO Subcategory VALUES(16,'music','mdi-music-clef-treble',8);
INSERT INTO Subcategory VALUES(17,'family','mdi-home-heart',11);
INSERT INTO Subcategory VALUES(18,'human rights','mdi-gavel',11);
INSERT INTO Subcategory VALUES(19,'politics','mdi-account-tie',11);
INSERT INTO Subcategory VALUES(20,'epidemic','mdi-bacteria-outline',11);
INSERT INTO Subcategory VALUES(21,'celebration','mdi-party-popper',11);
INSERT INTO Subcategory VALUES(22,'earth life','mdi-dna',3);
INSERT INTO Subcategory VALUES(23,'companies','mdi-google-my-business',11);
INSERT INTO Subcategory VALUES(24,'finance','mdi-cash-multiple',11);
INSERT INTO Subcategory VALUES(25,'vehicle','mdi-car-hatchback',1);
INSERT INTO Subcategory VALUES(26,'athletism','mdi-run',4);
INSERT INTO Subcategory VALUES(27,'fight','mdi-boxing-glove',4);
INSERT INTO Subcategory VALUES(28,'car','mdi-car-cruise-control',4);
INSERT INTO Subcategory VALUES(29,'winter','mdi-ski',4);
INSERT INTO Subcategory VALUES(30,'humor','mdi-emoticon-excited-outline',1);

CREATE TABLE News_Type (
    id INTEGER PRIMARY KEY AUTOINCREMENT,
    name TEXT NOT NULL
);

INSERT INTO News_Type VALUES(1,'text');
INSERT INTO News_Type VALUES(2,'image');
INSERT INTO News_Type VALUES(3,'youtube_video');
INSERT INTO News_Type VALUES(4,'other_video');

CREATE TABLE User (
    id INTEGER PRIMARY KEY AUTOINCREMENT,
    sexe TEXT NOT NULL,
    age INTEGER NOT NULL
);

CREATE TABLE News (
	id	INTEGER PRIMARY KEY AUTOINCREMENT,
	title	TEXT NOT NULL,
	url	TEXT NOT NULL,
	url_image	TEXT,
	content	TEXT NOT NULL,
	source_id	INTEGER NOT NULL,
	category_id	INTEGER NOT NULL,
	type_id	INTEGER NOT NULL,
	author	TEXT DEFAULT NULL,
	fake	INT DEFAULT 0,
	subcategory_id	INTEGER,
	FOREIGN KEY(subcategory_id) REFERENCES SubCategory(id),
	FOREIGN KEY(type_id) REFERENCES News_Type(id),
	FOREIGN KEY(category_id) REFERENCES Category(id),
	FOREIGN KEY(source_id) REFERENCES Source(id)
);


-- region Automatically generated News

INSERT INTO News(title, url, url_image, content, source_id, category_id, type_id, author, fake, subcategory_id) VALUES ('The Atlantic Ocean''s ''Conveyor Belt'' Stirs Up a Science Fight','https://www.wired.com/story/the-atlantic-oceans-conveyor-belt-stirs-up-a-science-fight/','https://media.wired.com/photos/5e45bf03e601630009b7e84e/191:100/w_1280,c_limit/Science_LabradorSea_468164499.jpg','Researchers are debating the best way to monitor the ocean currents that sweep through the Labrador Sea—and may foretell the planet''s climate future.',1,3,1,NULL,0,6);
INSERT INTO News(title, url, url_image, content, source_id, category_id, type_id, author, fake, subcategory_id) VALUES ('The Terrifying Science Behind the Locust Plagues of Africa','https://www.wired.com/story/the-terrifying-science-behind-the-locust-plagues-of-africa/','https://media.wired.com/photos/5e39b9cbc835cd0008929da5/191:100/w_1280,c_limit/Science_locusts-1195194411.jpg','With hundreds of billions of locusts tearing through farmland, it’s the worst outbreak to strike the region in decades.',1,11,1,NULL,0,20);
INSERT INTO News(title, url, url_image, content, source_id, category_id, type_id, author, fake, subcategory_id) VALUES ('Joanna Russ Was Sci-Fi''s Most Outspoken Feminist','https://www.wired.com/2020/02/geeks-guide-joanna-russ/','https://www.wired.com/wp-content/uploads/2020/02/Joanna-Russ-book-scifi-1200x630.jpg','The 20th century author was also a formidable science fiction critic.',1,8,1,NULL,0,16);
INSERT INTO News(title, url, url_image, content, source_id, category_id, type_id, author, fake, subcategory_id) VALUES ('7 trailblazing women to celebrate this International Day of Women and Girls in Science','https://mashable.com/article/international-day-of-women-and-girls-in-science-2020/','https://mondrian.mashable.com/2020%252F02%252F11%252Fe4%252Fe2251b3d70c1481a83e7078b43872c78.f9008.jpg%252F1200x630.jpg?signature=QHQNojqW8q4rxOk7K-ThR6xSPFM=','Let''s start with the numbers. Around the world today, only 30 percent of researchers — and just 35 percent of students in STEM related fields — are women, according to the United Nations. And yet, despite the barriers that women in science continue to face, t…',1,11,1,NULL,0,21);
INSERT INTO News(title, url, url_image, content, source_id, category_id, type_id, author, fake, subcategory_id) VALUES ('Brain-juicing cocktails want to give the sober curious a buzz. But where''s the science?','https://mashable.com/article/adaptogen-nootropic-cocktails-sober-curious/','https://mondrian.mashable.com/2020%252F02%252F07%252F47%252F2e4f0333cf894221869e1cbb20715ccd.78351.jpg%252F1200x630.jpg?signature=1uoAq9vV5vRx9zeLpkT_nZvOZxM=','Amid orange trees and beautiful people, I spent a Tuesday evening in Los Angeles at the clubhouse of a non-alcoholic beverages company, Kin Euphorics, drinking booze-free cocktails filled with substances that would ostensibly both relax and energize me. The a…',1,8,1,NULL,0,15);
INSERT INTO News(title, url, url_image, content, source_id, category_id, type_id, author, fake, subcategory_id) VALUES ('A live-cam of the northern lights just turned on and it''s the perfect season for eerie skies','https://mashable.com/video/nothern-lights-live-stream/','https://mondrian.mashable.com/2020%252F02%252F14%252F32%252Fd53a3802238f47969584db079aaee482.f4673.png%252F1200x630.png?signature=H7x8lY5217K9-XbOezb04TyqCF0=','The feed can be streamed on explore.org, the site that brings you Alaska''s glorious fat bears. Read more... More about Mashable Video, Live Streaming, Northern Lights, Science, and Climate Environment',1,3,4,NULL,0,9);
INSERT INTO News(title, url, url_image, content, source_id, category_id, type_id, author, fake, subcategory_id) VALUES ('Scientists stuck cameras on 30 Antarctic whales and captured this wild footage','https://mashable.com/video/antarctica-minke-whale-camera-view/','https://mondrian.mashable.com/2020%252F02%252F19%252Fe4%252F53392d44034743089dd0718789cb2357.6e632.jpg%252F1200x630.jpg?signature=LzRxCuL3k6GgBUwwuqwhWsJrVhc=','Using suction cups, marine biologists recently attached 30 cameras to minke whales swimming through icy Antarctic waters. The vivid footage — which aims to improve researchers'' understanding of how the little-known Antarctic minke whales live — shows the mamm…',1,3,4,NULL,0,22);
INSERT INTO News(title, url, url_image, content, source_id, category_id, type_id, author, fake, subcategory_id) VALUES ('Why the warming oceans will get louder','https://mashable.com/article/oceans-louder-warming/','https://mondrian.mashable.com/2020%252F02%252F21%252Fb3%252F4f9364f7535d4413ac4fa1dcdc3cc1f8.d1da1.jpg%252F1200x630.jpg?signature=Pjd0tLnx747snzqV0LkNPYkB8Ho=','Every 10 minutes, the relentlessly warming oceans absorb 50 megatons of energy, the amount of energy released when detonating the largest-ever atomic bomb. These warming seas — which soak up over 90 percent of the heat humanity traps on Earth — harbor a parti…',1,3,1,NULL,0,6);
INSERT INTO News(title, url, url_image, content, source_id, category_id, type_id, author, fake, subcategory_id) VALUES ('Travel Bans and Quarantines Won''t Stop Coronavirus','https://www.wired.com/story/travel-bans-and-quarantines-wont-stop-coronavirus/','https://media.wired.com/photos/5e3b40a4e872d20008ac6637/191:100/w_1280,c_limit/Science_travelban-1197372352.jpg','The US announced travel restrictions on Friday. But some public health experts worry that a ban won''t work—and could create new problems.',1,11,1,NULL,0,20);
INSERT INTO News(title, url, url_image, content, source_id, category_id, type_id, author, fake, subcategory_id) VALUES ('The US Fast-Tracked a Coronavirus Test to Speed Up Diagnoses','https://www.wired.com/story/the-us-fast-tracked-a-coronavirus-test/','https://media.wired.com/photos/5e3880589d953d0008309a38/191:100/w_1280,c_limit/Science_dnakits_RTS2ZUT4.jpg','The FDA has given emergency authorization to a new test that promises to help public health labs meet a potential surge in cases.',1,8,1,NULL,0,15);
INSERT INTO News(title, url, url_image, content, source_id, category_id, type_id, author, fake, subcategory_id) VALUES ('Yes, your cat deserves a subscription box, too','https://mashable.com/shopping/kitnip-box-subscription/','https://mondrian.mashable.com/2020%252F02%252F28%252F2b%252Fe7b55452da1a46c2aaeaa407cb72ac18.53dd6.png%252F1200x630.png?signature=U7i8pnGcszsPr_uoLmqEZAsf8jQ=','TL;DR: As of Feb. 28, the subscription box for cats, KitNipBox, is offering 50% off of your first shipment. There''s a subscription box for almost everything these days — toothbrushes, meal kits, clothing. There''s even one made specifically for dogs. But we ur…',1,1,1,NULL,0,1);
INSERT INTO News(title, url, url_image, content, source_id, category_id, type_id, author, fake, subcategory_id) VALUES ('10 of the best automatic cat feeders in the UK','https://mashable.com/uk/roundup/best-automatic-cat-feeders-uk/','https://mondrian.mashable.com/2020%252F02%252F12%252F6f%252Fe02a3acee315489ab6a7104c6fe75de4.a952a.png%252F1200x630.png?signature=D_zRwPiWddCxfkiP1haFFrbACqY=','We all have busy schedules nowadays, so having the option to automate daily tasks like feeding the cat can be a real time saver. Plus, it just feels good to know your bestie has a nice full belly. Pet product manufacturers have smartly recognised this desire …',1,8,1,NULL,0,15);
INSERT INTO News(title, url, url_image, content, source_id, category_id, type_id, author, fake, subcategory_id) VALUES ('Are automatic litter boxes extra? Yes. Are they worth it? Yes.','https://mashable.com/shopping/petsafe-automatic-litter-boxes-and-trays-on-sale/','https://mondrian.mashable.com/2020%252F02%252F28%252Fb8%252Fd7129565974f4b30ade40dc0d9dbab2e.b1a1d.jpg%252F1200x630.jpg?signature=mFe2tPw_ddTvrbMynjtIVRuJH4Y=','TL;DR: As of Feb. 28, the PetSafe ScoopFree Ultra automatic hooded litter box is on sale for $169.95 — a savings of $30. The invention of automatic litter boxes made a lot of cat people''s lives easier, but it also busted a myth: That every cat person''s house …',1,11,1,NULL,0,17);
INSERT INTO News(title, url, url_image, content, source_id, category_id, type_id, author, fake, subcategory_id) VALUES ('The Cat Flat Gives Cats a Home with 10 Things to Make Them Happy','https://design-milk.com/the-cat-flat-gives-cats-a-home-with-10-things-to-make-them-happy/','https://design-milk.com/images/2020/02/24Storage-The-Cat-Flat-1.jpg','The Cat Flat, by 24Storage, is an attractive cabinet that disguises a three-story cat playhouse beyind its slatted doors to give cats the happiest life.',1,11,3,NULL,0,17);
INSERT INTO News(title, url, url_image, content, source_id, category_id, type_id, author, fake, subcategory_id) VALUES ('Justin Bieber and his mustache arm-wrestle James Corden in his return to Carpool Karaoke','https://mashable.com/video/justin-bieber-james-corden-carpool-karaoke/','https://mondrian.mashable.com/2020%252F02%252F19%252F1b%252Fdff51b83c96a4db9b842ddd248a4d531.ecf68.png%252F1200x630.png?signature=AREpjFeIzd0A1yDX5drnR4ONMFY=','Wife Guy and Justin Bieber and his doomed mustache ( RIP ) joined Late Late Show host James Corden to "drive" around, belt out some tunes, test out some choreography, and talk about whether Biebs to take Tom Cruise in a fight. We do not recommend attempting t…',1,8,3,NULL,0,16);
INSERT INTO News(title, url, url_image, content, source_id, category_id, type_id, author, fake, subcategory_id) VALUES ('Lamp connects cat to God','https://boingboing.net/2020/02/10/lamp-connects-cat-to-god.html','https://i0.wp.com/media.boingboing.net/wp-content/uploads/2020/02/postcount-cat.jpg?fit=846%2C499&ssl=1','The replacement of Lamp Cat''s jaunty YouTube Music Library track with Era Ameno turns a stupid feline warming its head under a lightbulb into the seraphim Baraqiel, its ceaseless gaze bearing the eternal fire of God''s light. Read the rest',1,1,3,NULL,0,1);
INSERT INTO News(title, url, url_image, content, source_id, category_id, type_id, author, fake, subcategory_id) VALUES ('Watch the ''Shirley Temple King'' ruthlessly rate drinks made by celebrity chefs on ''Ellen''','https://mashable.com/video/shirley-temple-king-leo-kelly-ellen-degeneres/','https://mondrian.mashable.com/2020%252F02%252F10%252F9e%252F4fc5aab9d7994f0bbfb030e2664a671d.623fb.jpg%252F1200x630.jpg?signature=9z9K431e3Zkjl_exZ3OwBVvTz08=','The Shirley Temple King has spoken, and unfortunately not everyone knows how to make the delicious drinks to his liking. Six-year-old Leo Kelly — a Shirley Temple lover from Fairfield, Connecticut — is known for his obsession with the sweet, cherry-filled, no…',1,8,3,NULL,0,15);
INSERT INTO News(title, url, url_image, content, source_id, category_id, type_id, author, fake, subcategory_id) VALUES ('Cat happily sits in fake lap','https://boingboing.net/2020/03/03/cat-happily-sits-in-fake-lap.html','https://i0.wp.com/media.boingboing.net/wp-content/uploads/2020/03/Screen-Shot-2020-03-03-at-8.36.58-AM.jpg?fit=700%2C439&ssl=1','Our cat has become SUPER clingy now that we both work from home. We had to improvise... from r/aww One of my cats follows me around waiting for me to sit so he can fall asleep in my lap. I should make one of these to keep him happy while I''m standing. Image: …',1,1,1,NULL,0,1);
INSERT INTO News(title, url, url_image, content, source_id, category_id, type_id, author, fake, subcategory_id) VALUES ('Cat considers bopping dog, eventually makes a decision','https://boingboing.net/2020/02/10/cat-considers-bopping-dog-eve.html','https://i0.wp.com/media.boingboing.net/wp-content/uploads/2020/02/catr-bop.jpg?fit=923%2C486&ssl=1','This video depicts a cat comtemplating at considerable length whether to bop a dog on the head. Read the rest',1,1,3,NULL,0,1);
INSERT INTO News(title, url, url_image, content, source_id, category_id, type_id, author, fake, subcategory_id) VALUES ('Tennis player''s girlfriend found dead - Tennis World USA','https://www.tennisworldusa.org/tennis/news/Tennis_Stories/84142/tennis-player-s-girlfriend-found-dead/','https://www.tennisworldusa.org/imgb/89114/tennis-player-s-girlfriend-found-dead.jpg','Tennis player''s girlfriend found dead Tennis World USA Will lessons be learned from Caroline Flack''s death? Channel 4 News Caroline Flack''s boyfriend heartbroken by her death CTV News ‘Manslaughter via the press’: UK tabloids under fire for Caroline Flack rep…',1,4,1,NULL,0,12);
INSERT INTO News(title, url, url_image, content, source_id, category_id, type_id, author, fake, subcategory_id) VALUES ('TikTok star Loren Gray delivers a gorgeous eye roll in Taylor Swift''s ''The Man''','https://mashable.com/article/loren-gray-taylor-swift-the-man-video/','https://mondrian.mashable.com/2020%252F02%252F27%252Fca%252Fc739c5222e1d476ba9c1c57badf05fb7.454c9.png%252F1200x630.png?signature=wA5VujHPzBEQYkzF4_aTZ2ECxJ0=','With 39.6 million followers, Loren Gray has the most-followed account on TikTok. On Thursday, she took her star power a step further, gifting a grade-A eye roll to Taylor Swift''s music video for "The Man." Gray plays a ball girl who looks on in horror as The …',1,4,3,NULL,0,12);
INSERT INTO News(title, url, url_image, content, source_id, category_id, type_id, author, fake, subcategory_id) VALUES ('South Korea table tennis world championships postponed over virus fears','https://www.reuters.com/article/us-health-sport-tabletennis-idUSKCN20J0KR','https://s4.reutersmedia.net/resources_v2/images/rcom-default.png','Next month''s table tennis world championships in South Korea have been postponed until June over health concerns as the east Asian nation grapples with an outbreak of the coronavirus.',1,4,1,NULL,0,12);
INSERT INTO News(title, url, url_image, content, source_id, category_id, type_id, author, fake, subcategory_id) VALUES ('Ella Fitzgerald, Bille Jean King, and Florence Nightingale are now Barbie dolls','https://mashable.com/article/mattel-barbie-billie-jean-king-ella-fitzgerald/','https://mondrian.mashable.com/2020%252F02%252F20%252Fdf%252F5ed8fa777c2844b6bcd7613879173522.ad49a.jpg%252F1200x630.jpg?signature=pn0f1IYTfbo2Qehw77HcMkuQpkc=','Barbie wants girls everywhere to know that they can be anything they want. On Thursday, Mattel, the toy''s maker, announced three new dolls in its Inspiring Women Series. They''re likenesses of the former number one tennis player in the world, Billie Jean King,…',1,1,4,NULL,0,30);
INSERT INTO News(title, url, url_image, content, source_id, category_id, type_id, author, fake, subcategory_id) VALUES ('20 Different Types of Minecraft Player','https://www.youtube.com/watch?v=VKGYWK1ABmU','https://i.ytimg.com/vi/VKGYWK1ABmU/default.jpg','20 Different Types of Minecraft Player - There are many different ways to play Minecraft. Some people hoard items in huge storage systems, some just mine ...',2,1,3,NULL,0,4);
INSERT INTO News(title, url, url_image, content, source_id, category_id, type_id, author, fake, subcategory_id) VALUES ('*RAINBOW* LUCKY BLOCK WORLD In MINECRAFT! (Surprise)','https://www.youtube.com/watch?v=2cb1GoH1srw','https://i.ytimg.com/vi/2cb1GoH1srw/default.jpg','RAINBOW* LUCKY BLOCK WORLD In MINECRAF! If you enjoyed this video, watch more here: ...',2,1,3,NULL,0,4);
INSERT INTO News(title, url, url_image, content, source_id, category_id, type_id, author, fake, subcategory_id) VALUES ('9 DIY Fortnite School Supplies vs Minecraft School Supplies','https://www.youtube.com/watch?v=7ItjQUIgN6o','https://i.ytimg.com/vi/7ItjQUIgN6o/default.jpg','Subscribe Here: https://www.youtube.com/channel/UCWwqHwqLSrdWMgp5DZG5Dzg?sub_confirmation=1 18 Struggles When You Dye Your Hair / Colored ...',2,1,3,NULL,0,4);
INSERT INTO News(title, url, url_image, content, source_id, category_id, type_id, author, fake, subcategory_id) VALUES ('UNLIMITED Minecraft Mob Farms You NEED To See!','https://www.youtube.com/watch?v=79fMxbJ9hd0','https://i.ytimg.com/vi/79fMxbJ9hd0/default.jpg','UNLIMITED Minecraft Mob Farms You NEED To See! w/ BeckBroJack ✅ Enjoyed the video? Drop a LIKE and SUBSCRIBE for ''s ➡ http://bit.ly/SUB2BECK ...',2,1,3,NULL,0,4);
INSERT INTO News(title, url, url_image, content, source_id, category_id, type_id, author, fake, subcategory_id) VALUES ('VISITING MARS IN MINECRAFT!','https://www.youtube.com/watch?v=1jUBGTu7NbQ','https://i.ytimg.com/vi/1jUBGTu7NbQ/default.jpg','VISITING MARS IN MINECRAFT! MERCH & TOYS https://www.unspeakable.com/ FOLLOW ME! Instagram - http://instagram.com/unspeakable Twitter ...',2,1,3,NULL,0,4);
INSERT INTO News(title, url, url_image, content, source_id, category_id, type_id, author, fake, subcategory_id) VALUES ('I Watched My Minecraft Friend For 24 HOURS.. His PLAN Will Shock You!','https://www.youtube.com/watch?v=XqX4tcQbWsM','https://i.ytimg.com/vi/XqX4tcQbWsM/default.jpg','I Watched My Minecraft Friend For 24 HOURS.. His PLAN Will Shock You! LIKE for more MINECRAFT VIDEOS and SUBSCRIBE for more POKE!',2,1,3,NULL,0,4);
INSERT INTO News(title, url, url_image, content, source_id, category_id, type_id, author, fake, subcategory_id) VALUES ('Minecraft BUT The ENTIRE WORLD Is RAINBOW LUCKY BLOCKS!','https://www.youtube.com/watch?v=P17ugGpAJRA','https://i.ytimg.com/vi/P17ugGpAJRA/default.jpg','We''re playing Minecraft in a world made entirely of rainbow blocks! DISCORD - https://discord.gg/slogo MY FRIENDS! JELLY ...',2,1,3,NULL,0,4);
INSERT INTO News(title, url, url_image, content, source_id, category_id, type_id, author, fake, subcategory_id) VALUES ('First To Find DIAMONDS in Minecraft WINS $1000','https://www.youtube.com/watch?v=cKW5BMSygVU','https://i.ytimg.com/vi/cKW5BMSygVU/default.jpg','The 2Hype squad race each other on Minecraft to find and place diamonds in the chest. The first Minecraft player in the group to do this first wins $1000!',2,1,3,NULL,0,4);
INSERT INTO News(title, url, url_image, content, source_id, category_id, type_id, author, fake, subcategory_id) VALUES ('SIAMO QUASI MORTI TUTTI SU MINECRAFT A DIFFICOLTÀ ESTREMA!!','https://www.youtube.com/watch?v=JlCcS4VJs_c','https://i.ytimg.com/vi/JlCcS4VJs_c/default.jpg','Questa Volta c''è Mancato un Pelo!! Stava per Succedere il Disastro e Stavamo per Morire Tutti Appena Entrati a Immortallis!! •▻ Il Mio Server MineCraft ...',2,1,3,NULL,0,4);
INSERT INTO News(title, url, url_image, content, source_id, category_id, type_id, author, fake, subcategory_id) VALUES ('YANLIŞ KORKUNÇ TÜNELİ SEÇERSEN ÖLÜRSÜN! 😱 - Minecraft','https://www.youtube.com/watch?v=pQBqyC0CD3s','https://i.ytimg.com/vi/pQBqyC0CD3s/default.jpg','Kanala Abone OL ▻ https://goo.gl/Q9HJY8 ♥İnstagram Hesabı ▻ https://goo.gl/j9KhaZ ♥Facebook Sayfası ▻ https://goo.gl/J3EGdV ▻Ben İlker Kaya "ZENGİN ...',2,1,3,NULL,0,4);
INSERT INTO News(title, url, url_image, content, source_id, category_id, type_id, author, fake, subcategory_id) VALUES ('Minecraft But EVERYTHING Is RAINBOW LUCKY BLOCKS! (so lucky)','https://www.youtube.com/watch?v=PT7BniXbNmw','https://i.ytimg.com/vi/PT7BniXbNmw/default.jpg','Rainbows are lucky.. right? Check out my merch! https://fanjoy.co/collections/crainer 🤝 My Friends! Slogoman: https://youtu.be/7f6TO6Q4Gcw Jelly: ...',2,1,3,NULL,0,4);
INSERT INTO News(title, url, url_image, content, source_id, category_id, type_id, author, fake, subcategory_id) VALUES ('KORKUNÇ DONDURMACI MAĞARA VS KORKUNÇ ÖĞRETMEN MAĞARA! 😱 - Minecraft','https://www.youtube.com/watch?v=C0qT2Py5bfw','https://i.ytimg.com/vi/C0qT2Py5bfw/default.jpg','KORKUNÇ DONDURMACI MAĞARA VS KORKUNÇ ÖĞRETMEN MAĞARA! - Minecraft ➽ Merhaba ben Metin, Bu video''da Zengin vs Fakir''in 500.',2,1,3,NULL,0,4);
INSERT INTO News(title, url, url_image, content, source_id, category_id, type_id, author, fake, subcategory_id) VALUES ('Cỗ Máy Đào Khoáng Sản Vip Minecraft ??','https://www.youtube.com/watch?v=b9OWxvNaoHw','https://i.ytimg.com/vi/b9OWxvNaoHw/default.jpg','Cỗ Máy Đào Khoáng Sản Vip Minecraft ?? Link Tải Mini World : https://goo.gl/h3SajE ✪Kênh Game Mobile : https://bitly.vn/184u ✪Kênh Pixel Gamer ...',2,1,3,NULL,0,4);
INSERT INTO News(title, url, url_image, content, source_id, category_id, type_id, author, fake, subcategory_id) VALUES ('Minecraft Real POV 創世神第一人稱真人版','https://www.youtube.com/watch?v=-K10nXmru-4','https://i.ytimg.com/vi/-K10nXmru-4/default.jpg','We put so much efforts in this video, if you like to see more, consider to Subscribe, we''re appreciate :) SUBSCRIBE ➤ https://goo.gl/ush5Zd How we made this ...',2,1,3,NULL,0,4);
INSERT INTO News(title, url, url_image, content, source_id, category_id, type_id, author, fake, subcategory_id) VALUES ('I Transformed into the Most Annoying Player in Minecraft! (Brain Swap Challenge)','https://www.youtube.com/watch?v=D-hozf-vr34','https://i.ytimg.com/vi/D-hozf-vr34/default.jpg','I Transformed into the Most Annoying Player in Minecraft! (Brain Swap Challenge) with PrestonMinecraft Get your LIMITED Edition signed hoodies here!',2,1,3,NULL,0,4);
INSERT INTO News(title, url, url_image, content, source_id, category_id, type_id, author, fake, subcategory_id) VALUES ('Monster School : COOKING CHALLENGE NEW EPISODE - Minecraft Animation','https://www.youtube.com/watch?v=m9HIaHLpr5o','https://i.ytimg.com/vi/m9HIaHLpr5o/default.jpg','Monster School : COOKING CHALLENGE NEW EPISODE - Minecraft Animation Watch cooking lesson in this new episode of funny minecraft animation!',2,1,3,NULL,0,4);
INSERT INTO News(title, url, url_image, content, source_id, category_id, type_id, author, fake, subcategory_id) VALUES ('MOBS Are MUTANTS In MINECRAFT! (Crazy)','https://www.youtube.com/watch?v=t970P1ybLmk','https://i.ytimg.com/vi/t970P1ybLmk/default.jpg','MOBS Are MUTANTS In MINECRAFT! If you enjoyed this video, watch more here: ...',2,1,3,NULL,0,4);
INSERT INTO News(title, url, url_image, content, source_id, category_id, type_id, author, fake, subcategory_id) VALUES ('INSETOS PRÉ-HISTÓRICOS !! - Minecraft Dinossauros #17','https://www.youtube.com/watch?v=6PG4K1CEQQA','https://i.ytimg.com/vi/6PG4K1CEQQA/default.jpg','Em um mundo de minecraft primitivo, Authentic e seus amigos Spok e Iago precisam coletar recursos naturais para trazerem de volta os dinossauros ( T-Rex, ...',2,1,3,NULL,0,4);
INSERT INTO News(title, url, url_image, content, source_id, category_id, type_id, author, fake, subcategory_id) VALUES ('50 EXTREMELY SATISFYING MINECRAFT DOORS!','https://www.youtube.com/watch?v=_G_8pIxmok8','https://i.ytimg.com/vi/_G_8pIxmok8/default.jpg','50 EXTREMELY SATISFYING MINECRAFT DOORS! MERCH & TOYS https://www.unspeakable.com/ MORE YOUTUBE CHANNELS! VLOGS ...',2,1,3,NULL,0,4);
INSERT INTO News(title, url, url_image, content, source_id, category_id, type_id, author, fake, subcategory_id) VALUES ('GoPro: Tanner Hall Ski Diaries 2','https://www.youtube.com/watch?v=g0FMrjsYAzc','https://i.ytimg.com/vi/g0FMrjsYAzc/default.jpg','Tanner Hall looks back on the 2014-2015 season as we follow him through the battles of being in the Alaska Backcountry. From avalanches, spine lines, ...',2,4,3,NULL,0,29);
INSERT INTO News(title, url, url_image, content, source_id, category_id, type_id, author, fake, subcategory_id) VALUES ('MES GENOUX PORTENT PLAINTES! - SKI VLOG 23','https://www.youtube.com/watch?v=g_PHTy8JVSE','https://i.ytimg.com/vi/g_PHTy8JVSE/default.jpg','J''espère que cette vidéo de ski t''as plu ! :) le meilleur moyen de me soutenir c''est de partager et de me suivre sur instagram ! bisous ;) Mon Instagram ...',2,4,3,NULL,0,29);
INSERT INTO News(title, url, url_image, content, source_id, category_id, type_id, author, fake, subcategory_id) VALUES ('LE BEC DANS L&#39;EAU - WA105 - Brutisode Winteractivity ski freeride','https://www.youtube.com/watch?v=5jInUYJugHY','https://i.ytimg.com/vi/5jInUYJugHY/default.jpg','Pour retrouver toutes les infos sur Aquamotion: https://aquamotion-courchevel.com/fr/ INSTA: https://www.instagram.com/aquamotion_courchevel/ Instagram ...',2,4,3,NULL,0,29);
INSERT INTO News(title, url, url_image, content, source_id, category_id, type_id, author, fake, subcategory_id) VALUES ('Skiing Stereotypes | Dude Perfect','https://www.youtube.com/watch?v=7y-hKLfeurY','https://i.ytimg.com/vi/7y-hKLfeurY/default.jpg','Skiing Stereotypes. Love em'' or hate em'', we all know em'' ▻ Click HERE to subscribe to Dude Perfect! http://bit.ly/SubDudePerfect ▻ Click HERE to watch our ...',2,4,3,NULL,0,29);
INSERT INTO News(title, url, url_image, content, source_id, category_id, type_id, author, fake, subcategory_id) VALUES ('HOW TO RUIN A JET SKI','https://www.youtube.com/watch?v=EeA3XRacNi8','https://i.ytimg.com/vi/EeA3XRacNi8/default.jpg','New merchandise @ https://www.cboystv.com/ -Every $5 spent gets you one entry towards winning our 2020 Kawasaki KX 450 with Polaris Timbersled kit!',2,4,3,NULL,0,29);
INSERT INTO News(title, url, url_image, content, source_id, category_id, type_id, author, fake, subcategory_id) VALUES ('Dans tes rêves : Le Ski','https://www.youtube.com/watch?v=NfiBXlYpVdY','https://i.ytimg.com/vi/NfiBXlYpVdY/default.jpg','Dans tes rêves le ski c''est: des activités physiques quotidiennes, des raclettes entre potes et faire la fête tous les soirs dans la réalité c''est plus courbature, ...',2,4,3,NULL,0,29);
INSERT INTO News(title, url, url_image, content, source_id, category_id, type_id, author, fake, subcategory_id) VALUES ('4 ADVANCED SKIING MISTAKES | And How To Fix Them','https://www.youtube.com/watch?v=04lRa4TffGs','https://i.ytimg.com/vi/04lRa4TffGs/default.jpg','Are these 4 advanced skiing mistakes holding your technique back? Level 4 instructor, Tomas Mical shows you the most common mistakes he sees in advanced ...',2,4,3,NULL,0,29);
INSERT INTO News(title, url, url_image, content, source_id, category_id, type_id, author, fake, subcategory_id) VALUES ('ON RENCONTRE DES FREERIDEURS PRO !  - SKI VLOG 19','https://www.youtube.com/watch?v=8Y0CkX-8D1U','https://i.ytimg.com/vi/8Y0CkX-8D1U/default.jpg','J''espère que cette vidéo de ski t''auras plu ! :) le meilleur moyen de me soutenir c''est instagram ! bisous ;) Instagram : https://www.instagram.com/emilianosil...',2,4,3,NULL,0,29);
INSERT INTO News(title, url, url_image, content, source_id, category_id, type_id, author, fake, subcategory_id) VALUES ('Rooftop Skiing in France | Good Morning By Richard Permin','https://www.youtube.com/watch?v=NtZVFUvn3_U','https://i.ytimg.com/vi/NtZVFUvn3_U/default.jpg','Check out Richard Permin''s latest video: rooftop freestyle skiing in Avoriaz 1800, France. Certain days can be really original… They depend on where you live ...',2,4,3,NULL,0,29);
INSERT INTO News(title, url, url_image, content, source_id, category_id, type_id, author, fake, subcategory_id) VALUES ('Funny Winter Fails 😂😆 Funny People Skiing Fails (Full) [Epic Laughs]','https://www.youtube.com/watch?v=K32c7QxM8yY','https://i.ytimg.com/vi/K32c7QxM8yY/default.jpg','Lol they know what they are doing! Subscribe http://bit.ly/EpicLaughs for weekly videos! Having a gloomy day? Check this out! We have here funny epic fails, ...',2,1,3,NULL,0,2);
INSERT INTO News(title, url, url_image, content, source_id, category_id, type_id, author, fake, subcategory_id) VALUES ('Funny Winter Fails 🎿😂 Funny People Skiing Fails (Full) [Epic Laughs]','https://www.youtube.com/watch?v=6jXPNDAFDEY','https://i.ytimg.com/vi/6jXPNDAFDEY/default.jpg','You won''t be able to stop laughing after watching this Subscribe http://bit.ly/EpicLaughs for weekly videos! Winter time is just around the corner. Are you done ...',2,1,3,NULL,0,2);
INSERT INTO News(title, url, url_image, content, source_id, category_id, type_id, author, fake, subcategory_id) VALUES ('Les 10 tricks faciles à apprendre en ski','https://www.youtube.com/watch?v=My007vQdlto','https://i.ytimg.com/vi/My007vQdlto/default.jpg','Abonne toi : https://www.youtube.com/c/FabienMaierhofer Merci à la chaine @Stomp It Tutorials pour l''inspiration ! Voici les 10 tricks (presque) faciles à ...',2,4,3,NULL,0,29);
INSERT INTO News(title, url, url_image, content, source_id, category_id, type_id, author, fake, subcategory_id) VALUES ('THE 11 FIRST TRICKS TO LEARN ON SKIS','https://www.youtube.com/watch?v=3f6l9z8kYrQ','https://i.ytimg.com/vi/3f6l9z8kYrQ/default.jpg','In this ski tutorial, we show you a progression on how to do 11 beginner ski tricks in an easy and fun way. We start out teaching you how to pop on skis and once ...',2,4,3,NULL,0,29);
INSERT INTO News(title, url, url_image, content, source_id, category_id, type_id, author, fake, subcategory_id) VALUES ('CHUVAS NA BAIXADA TÊM ÔNIBUS ALAGADO E HOMEM DE JET SKI','https://www.youtube.com/watch?v=v-Qx3-vW_mo','https://i.ytimg.com/vi/v-Qx3-vW_mo/default.jpg','As chuvas que atingiram a Baixada Santista na madrugada de hoje causaram estragos e mortes em cidades da região. Em Guarujá, um homem foi flagrado ...',2,1,3,NULL,0,30);
INSERT INTO News(title, url, url_image, content, source_id, category_id, type_id, author, fake, subcategory_id) VALUES ('QUAND TON POTE CROIT QU&#39;IL EST LE MEILLEUR ! (Vlog Ski)','https://www.youtube.com/watch?v=C_wwkCMLl9k','https://i.ytimg.com/vi/C_wwkCMLl9k/default.jpg','Vlog en ski et parapente à la montagne, merci à Steep de nous avois enmené kiffer nos races : http://steep.ubisoft.com/game/fr-fr/home/ DEVIENS UNE VRAIE ...',2,4,3,NULL,0,29);
INSERT INTO News(title, url, url_image, content, source_id, category_id, type_id, author, fake, subcategory_id) VALUES ('LA MEILLEURE JOURNÉE DE SKI DE MA VIE - SKI VLOG 18','https://www.youtube.com/watch?v=P6L_MFpPL34','https://i.ytimg.com/vi/P6L_MFpPL34/default.jpg','J''espère que cette vidéo de ski t''auras plu ! :) le meilleur moyen de me soutenir c''est instagram ! bisous ;) Instagram ...',2,4,3,NULL,0,29);
INSERT INTO News(title, url, url_image, content, source_id, category_id, type_id, author, fake, subcategory_id) VALUES ('Vivre Dans Une Station De Ski (Oui, c&#39;est possible)','https://www.youtube.com/watch?v=8veOkC_x_F0','https://i.ytimg.com/vi/8veOkC_x_F0/default.jpg','Pour vous aller au ski c''est chouette pendant les vacances, je vous explique comment j''y ai vécu toute ma vie ! Avec son lot de supers experiences et de galères ...',2,4,3,NULL,0,29);
INSERT INTO News(title, url, url_image, content, source_id, category_id, type_id, author, fake, subcategory_id) VALUES ('NOS 100 MEILLEURS MOMENTS - Episode 100 - Brutisode Winteractivity ski freeride','https://www.youtube.com/watch?v=ExK6g0_VPrA','https://i.ytimg.com/vi/ExK6g0_VPrA/default.jpg','Instagram Winteractivity: https://www.instagram.com/winteractivity_/ Notre Boutique: https://winteractivity.fr/ Notre Tipeee!! https://www.tipeee.com/winteractivity ...',2,4,3,NULL,0,29);
INSERT INTO News(title, url, url_image, content, source_id, category_id, type_id, author, fake, subcategory_id) VALUES ('Ninja Twins Ski Race Challenge!','https://www.youtube.com/watch?v=_xlcv3cYPs0','https://i.ytimg.com/vi/_xlcv3cYPs0/default.jpg','Paxton and Payton challenge each other to a ski race challenge! Which ninja twin will win and become the ski champion? This is at Brighton Sky Resort.',2,4,3,NULL,0,29);
INSERT INTO News(title, url, url_image, content, source_id, category_id, type_id, author, fake, subcategory_id) VALUES ('Sa première fois au ski ! ❄️😂','https://www.youtube.com/watch?v=xmPKsf6d1Ws','https://i.ytimg.com/vi/xmPKsf6d1Ws/default.jpg','Petite journée ski en Suisse avec @lara_rm ⛷ Bon, j''étais pas trop au courant qu''elle ne savait pas skier, la patience était de sortie en cette journée ! Au final ...',2,4,3,NULL,0,29);
INSERT INTO News(title, url, url_image, content, source_id, category_id, type_id, author, fake, subcategory_id) VALUES ('LOST my HAIR, When Hearing New Meme Music!','https://www.youtube.com/watch?v=Lq8QxKnN_5I','https://i.ytimg.com/vi/Lq8QxKnN_5I/default.jpg','new meme album is boppin 100 CLUB MERCH OUT NOW! https://represent.com/store/pewdiepie (Thank you) Npesta speedrun meme: ...',2,1,3,NULL,0,30);
INSERT INTO News(title, url, url_image, content, source_id, category_id, type_id, author, fake, subcategory_id) VALUES ('Images That Precede Unfortunate Events..','https://www.youtube.com/watch?v=QRgSeOifk7o','https://i.ytimg.com/vi/QRgSeOifk7o/default.jpg','Images that proceed unfortunate events is epic 100 CLUB MERCH OUT NOW! https://represent.com/store/pewdiepie (Thank you) The twitter: ...',2,1,3,NULL,0,30);
INSERT INTO News(title, url, url_image, content, source_id, category_id, type_id, author, fake, subcategory_id) VALUES ('Supergirl is Super Cringe','https://www.youtube.com/watch?v=grphMTBly7Q','https://i.ytimg.com/vi/grphMTBly7Q/default.jpg','supergirl is super not epic 100 CLUB MERCH OUT NOW! https://represent.com/store/pewdiepie (Thank you) Pewdiepie''s Pixelings DOWNLOAD: iOS: ...',2,1,3,NULL,0,30);
INSERT INTO News(title, url, url_image, content, source_id, category_id, type_id, author, fake, subcategory_id) VALUES ('He payed $150 000 to look like BTS JIMIN','https://www.youtube.com/watch?v=Wv1E7AmzUqI','https://i.ytimg.com/vi/Wv1E7AmzUqI/default.jpg','NORDVPN DOWNLOAD (Affiliate link): Go to https://NordVPN.com/pewdiepie and use code PEWDIEPIE to get 70% off a 3 year plan plus 1 additional month ...',2,1,3,NULL,0,30);
INSERT INTO News(title, url, url_image, content, source_id, category_id, type_id, author, fake, subcategory_id) VALUES ('It&#39;s been real, but I&#39;m out!','https://www.youtube.com/watch?v=IZXgjR9INsA','https://i.ytimg.com/vi/IZXgjR9INsA/default.jpg','Goodbye, See you soon. Nerd City: https://www.youtube.com/watch?v=gtyyvMKTCuA 100 CLUB MERCH OUT NOW! https://represent.com/store/pewdiepie ...',2,1,3,NULL,0,30);
INSERT INTO News(title, url, url_image, content, source_id, category_id, type_id, author, fake, subcategory_id) VALUES ('Thoughts on Getting Robbed','https://www.youtube.com/watch?v=bMpgsD5o8bs','https://i.ytimg.com/vi/bMpgsD5o8bs/default.jpg','Pewdiepie robbed not epic 100 CLUB MERCH OUT NOW! https://represent.com/store/pewdiepie (Thank you) Pewdiepie''s Pixelings DOWNLOAD: iOS: ...',2,1,3,NULL,0,30);
INSERT INTO News(title, url, url_image, content, source_id, category_id, type_id, author, fake, subcategory_id) VALUES ('I went on a break for 30 days &amp; THIS HAPPENED','https://www.youtube.com/watch?v=Old1YzSG_S8','https://i.ytimg.com/vi/Old1YzSG_S8/default.jpg','Good to be back gamer 100 CLUB MERCH OUT NOW! https://represent.com/store/pewdiepie (Thank you) Pewdiepie''s Pixelings DOWNLOAD: iOS: ...',2,1,3,NULL,0,30);
INSERT INTO News(title, url, url_image, content, source_id, category_id, type_id, author, fake, subcategory_id) VALUES ('What is Jake Paul up to?','https://www.youtube.com/watch?v=VgvvfSvg2bQ','https://i.ytimg.com/vi/VgvvfSvg2bQ/default.jpg','The financial freedom movement is here thanks Jake Paul 100 CLUB MERCH OUT NOW! https://represent.com/store/pewdiepie (Thank you) Pewdiepie''s ...',2,1,3,NULL,0,30);
INSERT INTO News(title, url, url_image, content, source_id, category_id, type_id, author, fake, subcategory_id) VALUES ('Unboxing 100 MIL YouTube AWARD!!','https://www.youtube.com/watch?v=DYlesHOaPkY','https://i.ytimg.com/vi/DYlesHOaPkY/default.jpg','AD| Get Honey for FREE and start saving money today ▸ https://joinhoney.com/pewdiepie Its 10 million members save an average of $30 on sites like Amazon, ...',2,1,3,NULL,0,30);
INSERT INTO News(title, url, url_image, content, source_id, category_id, type_id, author, fake, subcategory_id) VALUES ('Pewdiepie Is BANNED in China  LWIAY #0096','https://www.youtube.com/watch?v=8HehfOtRbUk','https://i.ytimg.com/vi/8HehfOtRbUk/default.jpg','100 CLUB MERCH OUT NOW! https://represent.com/store/pewdiepie (Thank you) (▱˘◡˘▱) Minecraft Series Playlist: ...',2,1,3,NULL,0,30);
INSERT INTO News(title, url, url_image, content, source_id, category_id, type_id, author, fake, subcategory_id) VALUES ('Decade of Pewdiepie, photos from my childhood','https://www.youtube.com/watch?v=AAODp5upEF0','https://i.ytimg.com/vi/AAODp5upEF0/default.jpg','omg so embarrassing old photos of pewdiepie 100 CLUB MERCH OUT NOW! https://represent.com/store/pewdiepie (Thank you) Pewdiepie''s Pixelings ...',2,1,3,NULL,0,30);
INSERT INTO News(title, url, url_image, content, source_id, category_id, type_id, author, fake, subcategory_id) VALUES ('Designs that will make you MAD!','https://www.youtube.com/watch?v=HcOw8mxVdvQ','https://i.ytimg.com/vi/HcOw8mxVdvQ/default.jpg','ad Follow me on DLive - https://go.dlive.tv/pewdiepie To celebrate DLive joining the BitTorrent family, click here to win a PewDiePie 100M Edition Chair ...',2,1,3,NULL,0,30);
INSERT INTO News(title, url, url_image, content, source_id, category_id, type_id, author, fake, subcategory_id) VALUES ('WHY PEWDIEPIE IS THE DUMBEST YOUTUBER','https://www.youtube.com/watch?v=eQfzqXiNfug','https://i.ytimg.com/vi/eQfzqXiNfug/default.jpg','WTF are you doing ( ͡° ͜ʖ ͡°) (AD) CHECK OUT MY GIVEAWAY /W G2A: https://gleam.io/gTVeY/pewdiepie-july-giveaway (AD) Thanks to super consultant ...',2,1,3,NULL,0,30);
INSERT INTO News(title, url, url_image, content, source_id, category_id, type_id, author, fake, subcategory_id) VALUES ('I Lied About Going on a Break','https://www.youtube.com/watch?v=N2ntCdMggj0','https://i.ytimg.com/vi/N2ntCdMggj0/default.jpg','Sorry about the lies about break gamers 100 CLUB MERCH OUT NOW! https://represent.com/store/pewdiepie (Thank you) Pewdiepie''s Pixelings DOWNLOAD: ...',2,1,3,NULL,0,30);
INSERT INTO News(title, url, url_image, content, source_id, category_id, type_id, author, fake, subcategory_id) VALUES ('Why I HATE Ice Age Baby..','https://www.youtube.com/watch?v=zudXXIMUeV4','https://i.ytimg.com/vi/zudXXIMUeV4/default.jpg','ice age, bernie sanders and epic more memes 100 CLUB MERCH OUT NOW! https://represent.com/store/pewdiepie (Thank you) Pewdiepie''s Pixelings ...',2,1,3,NULL,0,30);
INSERT INTO News(title, url, url_image, content, source_id, category_id, type_id, author, fake, subcategory_id) VALUES ('I&#39;M POPPY!','https://www.youtube.com/watch?v=vdGiqRjTd34','https://i.ytimg.com/vi/vdGiqRjTd34/default.jpg','Poppy? https://www.youtube.com/user/thatPoppyTV [Ad:] Check out my current Giveaway w/ G2A: https://gleam.io/ljRpG/pewdiepie-october-giveaway.',2,1,3,NULL,0,30);
INSERT INTO News(title, url, url_image, content, source_id, category_id, type_id, author, fake, subcategory_id) VALUES ('WHO IS MORE POPULAR? (Higher or Lower)','https://www.youtube.com/watch?v=Y0v-A_UsECQ','https://i.ytimg.com/vi/Y0v-A_UsECQ/default.jpg','Thanks for da like ☆~(◡﹏◕✿) CHECK OUT MY GIVEAWAY /W G2A: https://gleam.io/ct2nj/pewdiepie-wow-giveaway MERCHANDISE: PewDiePie Clothing: ...',2,1,3,NULL,0,30);
INSERT INTO News(title, url, url_image, content, source_id, category_id, type_id, author, fake, subcategory_id) VALUES ('I FAILED the EASIEST Test','https://www.youtube.com/watch?v=olx4XJybNhM','https://i.ytimg.com/vi/olx4XJybNhM/default.jpg','Failed the easiest test... Leave a Like if you enjoyed! DON''T TELL MY BOYFRIEND 100 CLUB MERCH OUT NOW! https://represent.com/store/pewdiepie (Thank ...',2,1,3,NULL,0,30);
INSERT INTO News(title, url, url_image, content, source_id, category_id, type_id, author, fake, subcategory_id) VALUES ('Marzia &amp; Felix - Wedding 19.08.2019','https://www.youtube.com/watch?v=7PIMiDcwNvc','https://i.ytimg.com/vi/7PIMiDcwNvc/default.jpg','Our footage from the wedding, best day of my life! Video filmed and edited by HandCraft Pictures Wedding Videos: ...',2,1,3,NULL,0,30);
INSERT INTO News(title, url, url_image, content, source_id, category_id, type_id, author, fake, subcategory_id) VALUES ('On fait ouvrir un bocal à un poulpe ! - Bestioles avec Dr Nozman','https://www.youtube.com/watch?v=F-oEe5VObuA','https://i.ytimg.com/vi/F-oEe5VObuA/default.jpg','Dans ce nouvel épisode de Bestioles, Dr Nozman et Pierre Kerner vous disent tout des céphalopodes. Les autres vidéos de l''émission ...',2,3,3,NULL,0,22);
INSERT INTO News(title, url, url_image, content, source_id, category_id, type_id, author, fake, subcategory_id) VALUES ('Ne craignez pas les araignées ! - Bestioles avec Dr Nozman','https://www.youtube.com/watch?v=h5FPrtrnTUA','https://i.ytimg.com/vi/h5FPrtrnTUA/default.jpg','Dans cet épisode de Bestioles, Dr Nozman et Pierre Kerner se rendent au Palais de la Découverte, afin d''observer et de comprendre les arachnides. Les autres ...',2,3,3,NULL,0,22);
INSERT INTO News(title, url, url_image, content, source_id, category_id, type_id, author, fake, subcategory_id) VALUES ('Lampe à Lave | Les Expériences de Dr Nozman - Science &amp; Vie TV','https://www.youtube.com/watch?v=PD_t54xzvf4','https://i.ytimg.com/vi/PD_t54xzvf4/default.jpg','Toutes les Chroniques et Expériences de Nozman sont sur l''appli intelligente Mon Science et Vie Junior : ➨ Android : https://goo.gl/fwRcZv ➨ IOS ...',2,3,3,NULL,0,9);
INSERT INTO News(title, url, url_image, content, source_id, category_id, type_id, author, fake, subcategory_id) VALUES ('LE CORONAVIRUS, C&#39;EST QUOI ?!','https://www.youtube.com/watch?v=tMkQlEHHP70','https://i.ytimg.com/vi/tMkQlEHHP70/default.jpg','Ma marque de Skate ♡ : http://www.biomeskateboard.fr Tu peux cliquer ici pour t''abonner (love) ▷ http://bit.ly/1LaNlBD La vidéo de Tania Louis ...',2,3,3,NULL,0,8);
INSERT INTO News(title, url, url_image, content, source_id, category_id, type_id, author, fake, subcategory_id) VALUES ('Sauvons les choupissons ❤️  ! - Bestioles avec Dr Nozman','https://www.youtube.com/watch?v=rrwtY4iqmyw','https://i.ytimg.com/vi/rrwtY4iqmyw/default.jpg','Dans cet épisode de Bestioles, Dr Nozman et Pierre Kerner se rendent au centre Faune Alfort, à la rencontre des soigneurs ! Le centre ...',2,3,3,NULL,0,22);
INSERT INTO News(title, url, url_image, content, source_id, category_id, type_id, author, fake, subcategory_id) VALUES ('Ceci n&#39;est pas une feuille - Bestioles avec Dr Nozman','https://www.youtube.com/watch?v=DhHxyEtIrps','https://i.ytimg.com/vi/DhHxyEtIrps/default.jpg','Dans cet épisode de Bestioles, Dr Nozman et Pierre Kerner se rendent à l''OPIE (l''Office pour les insectes et leur environnement), afin d''observer et de ...',2,3,3,NULL,0,22);
INSERT INTO News(title, url, url_image, content, source_id, category_id, type_id, author, fake, subcategory_id) VALUES ('Les plus horribles expériences scientifiques !','https://www.youtube.com/watch?v=CeCZV_qs2lA','https://i.ytimg.com/vi/CeCZV_qs2lA/default.jpg','Ma marque : http://symbioseskateboard.com Tu peux cliquer ici pour t''abonner (love) ▷ http://bit.ly/1LaNlBD Montage, écriture, illustration ...',2,3,3,NULL,0,8);
INSERT INTO News(title, url, url_image, content, source_id, category_id, type_id, author, fake, subcategory_id) VALUES ('TEST ADN 0% Français, comment ça marche ?','https://www.youtube.com/watch?v=rEY-smTTLto','https://i.ytimg.com/vi/rEY-smTTLto/default.jpg','Bon alors... D''où je viens ? Coupon Réduction pour le test : https://bit.ly/2C0vb8U Code: DRNOZMAN Merci à Pierre pour son aide : http://ssaft.com ...',2,3,3,NULL,0,8);
INSERT INTO News(title, url, url_image, content, source_id, category_id, type_id, author, fake, subcategory_id) VALUES ('CET OBJET EST BIEN TROP ÉTONNANT ! (gyroscope de précision)','https://www.youtube.com/watch?v=hgjcPnI5qF4','https://i.ytimg.com/vi/hgjcPnI5qF4/default.jpg','N''oubliez pas le pouce en l''air si vous avez apprécié, merci à tous :) Tu peux cliquer ici pour t''abonner (love) ▷ http://bit.ly/1LaNlBD Merci à Squeezie ...',2,3,3,NULL,0,9);
INSERT INTO News(title, url, url_image, content, source_id, category_id, type_id, author, fake, subcategory_id) VALUES ('LE MÉGALODON A-T-IL VRAIMENT EXISTÉ ? Vrai ou Faux #93','https://www.youtube.com/watch?v=e9FOhc9FRII','https://i.ytimg.com/vi/e9FOhc9FRII/default.jpg','Le Biome : https://bit.ly/2E8RV7b Pour le prochain épisode, dis moi un truc vrai ou faux sur "les ampoules/lumière" dans les commentaires ! Tu peux cliquer ici ...',2,3,3,NULL,0,22);
INSERT INTO News(title, url, url_image, content, source_id, category_id, type_id, author, fake, subcategory_id) VALUES ('ON UTILISE QUE 10% DE NOTRE CERVEAU ? Vrai ou Faux #65','https://www.youtube.com/watch?v=0J4juREdfF4','https://i.ytimg.com/vi/0J4juREdfF4/default.jpg','Pour le prochain épisode, dis moi un truc vrai ou faux sur "la Terre creuse" dans les commentaires ! Tu peux cliquer ici pour t''abonner (love) ...',2,3,3,NULL,0,8);
INSERT INTO News(title, url, url_image, content, source_id, category_id, type_id, author, fake, subcategory_id) VALUES ('IL TESTE TOUS MES OBJETS SCIENTIFIQUES !','https://www.youtube.com/watch?v=yvBJh5xQ0CY','https://i.ytimg.com/vi/yvBJh5xQ0CY/default.jpg','N''oubliez pas le pouce en l''air si vous avez apprécié, merci à tous :) Tu peux cliquer ici pour t''abonner (love) ▷ http://bit.ly/1LaNlBD Merci à Amixem pour sa ...',2,3,3,NULL,0,9);
INSERT INTO News(title, url, url_image, content, source_id, category_id, type_id, author, fake, subcategory_id) VALUES ('TROP D’ADRÉNALINE PEUT TUER ? Vrai ou Faux #87','https://www.youtube.com/watch?v=HkZNL21DPbE','https://i.ytimg.com/vi/HkZNL21DPbE/default.jpg','https://www.symbioseskateboard.com Dernier modèle de la première collection disponible Pour le prochain épisode, dis moi un truc vrai ou faux sur "le ...',2,3,3,NULL,0,8);
INSERT INTO News(title, url, url_image, content, source_id, category_id, type_id, author, fake, subcategory_id) VALUES ('POURQUOI ON TOMBE AMOUREUX ?','https://www.youtube.com/watch?v=t8vBMfgxwCQ','https://i.ytimg.com/vi/t8vBMfgxwCQ/default.jpg','T''as d''autres pourquoi en tête ? Le biome nouvelle vidéo https://www.youtube.com/watch?v=tfucU-C932I& Tu peux cliquer ici pour t''abonner (love) ...',2,3,3,NULL,0,8);
INSERT INTO News(title, url, url_image, content, source_id, category_id, type_id, author, fake, subcategory_id) VALUES ('LES CHATS VEULENT NOUS TUER ?! Vrai Ou Faux #4','https://www.youtube.com/watch?v=eFzDG4mYfwY','https://i.ytimg.com/vi/eFzDG4mYfwY/default.jpg','Pour le prochain épisode, dis moi un truc vrai ou faux sur les catastrophes naturelles dans les commentaires ! Tu peux cliquer ici pour t''abonner (love) ...',2,3,3,NULL,0,22);
INSERT INTO News(title, url, url_image, content, source_id, category_id, type_id, author, fake, subcategory_id) VALUES ('LE CANNABIS EST MOINS DANGEREUX QUE LE TABAC ? Vrai ou Faux #49','https://www.youtube.com/watch?v=bmOI5M_g5fE','https://i.ytimg.com/vi/bmOI5M_g5fE/default.jpg','Pour le prochain épisode, dis moi un truc vrai ou faux sur "les émotions" dans les commentaires ! Tu peux cliquer ici pour t''abonner (love) ▷ http://bit.ly/1LaNlBD ...',2,3,3,NULL,0,8);
INSERT INTO News(title, url, url_image, content, source_id, category_id, type_id, author, fake, subcategory_id) VALUES ('OUVRIR DES GÉODES AVEC SQUEEZIE !','https://www.youtube.com/watch?v=Vdo1yz6Y8Qc','https://i.ytimg.com/vi/Vdo1yz6Y8Qc/default.jpg','5ème épisode des opening de géode, en quête de cristaux stylés ! (pouce en l''air ?) Tu peux cliquer ici pour t''abonner (love) ▷ http://bit.ly/1LaNlBD Merci à ...',2,3,3,NULL,0,22);
INSERT INTO News(title, url, url_image, content, source_id, category_id, type_id, author, fake, subcategory_id) VALUES ('Dr Nozman - Expérience Balle Rebondissante - Facile !','https://www.youtube.com/watch?v=5bUEYV4Rnd0','https://i.ytimg.com/vi/5bUEYV4Rnd0/default.jpg','Partagez un maximum cette vidéo sur Facebook et Twitter les amis ! Mon matos : Caméra : http://amzn.to/2oBOE9n Objectif : http://amzn.to/2pbhj2T Micro ...',2,3,3,NULL,0,9);
INSERT INTO News(title, url, url_image, content, source_id, category_id, type_id, author, fake, subcategory_id) VALUES ('JE DISSÈQUE UNE SOURIS ! SciVlog #5','https://www.youtube.com/watch?v=StOIWkMJBGQ','https://i.ytimg.com/vi/StOIWkMJBGQ/default.jpg','LA VERSION CENSURÉE : https://youtu.be/g-xff20lGk8 Tu peux cliquer ici pour t''abonner (love) ▷ http://bit.ly/1LaNlBD TU VEUX NOTRE JEU DE SOCIÉTÉ ...',2,3,3,NULL,0,22);
INSERT INTO News(title, url, url_image, content, source_id, category_id, type_id, author, fake, subcategory_id) VALUES ('','https://twitter.com/DianeWettstein/status/1235162810751029248','','Rise up America and see Who truly Loves America and who wants Her Great again...we will stand by the One ~~ God  choose🙏',3,11,1,'dianewettstein',0,19);
INSERT INTO News(title, url, url_image, content, source_id, category_id, type_id, author, fake, subcategory_id) VALUES ('','https://twitter.com/wheelz044/status/1235162810449088512','','Trump is gonna wipe him out!',3,11,1,'wheelz044',0,19);
INSERT INTO News(title, url, url_image, content, source_id, category_id, type_id, author, fake, subcategory_id) VALUES ('','https://twitter.com/Jackiebulthuis/status/1235162810130235394','','Biden cannot beat Trump.  Bernie is the only chance.  I guess Liberals aren''t that liberal after all!',3,11,1,'jackiebulthuis',0,19);
INSERT INTO News(title, url, url_image, content, source_id, category_id, type_id, author, fake, subcategory_id) VALUES ('','https://twitter.com/maryruthedk/status/1235162810042245120','','🤣😂 Trump supporters are suckers! Kirk subtracted 140,000 off of Dem votes to make your racist hero look better.',3,11,1,'maryruthedk',0,19);
INSERT INTO News(title, url, url_image, content, source_id, category_id, type_id, author, fake, subcategory_id) VALUES ('','https://twitter.com/OrchardParc/status/1235162809106870272','',replace('Your daddy @realDonaldTrump believes the F35 stealth fighter really is invisible “you can’t see it even if it is beside you”\n https://youtu.be/htyNQ8MK3xU ','\n',char(10)),3,11,1,'orchardparc',0,19);
INSERT INTO News(title, url, url_image, content, source_id, category_id, type_id, author, fake, subcategory_id) VALUES ('','https://twitter.com/greg_haab/status/1235162808964337665','',replace('Good point, but if it''s Trump vs Biden, or Trump vs an old shoe, is Trump going to address your problems?\n\nMy point is, come November, I''ll be voting for pretty much anyone who isn''t Trump. Sorry for the bit about growing up-- that wasn''t necessary.','\n',char(10)),3,11,1,'greg_haab',0,19);
INSERT INTO News(title, url, url_image, content, source_id, category_id, type_id, author, fake, subcategory_id) VALUES ('','https://twitter.com/OmarSShakir/status/1235162808788168704','','While @Airbnb presents itself as a progressive, socially responsible business, it''s fully aligned with the Trump administration (& Israeli government) when it comes to illegal settlements and the serious rights abuses & two-tiered discriminatory regime that grow out of them.  https://twitter.com/saribashi/status/1234683234505482244 …',3,11,1,'omarsshakir',0,19);
INSERT INTO News(title, url, url_image, content, source_id, category_id, type_id, author, fake, subcategory_id) VALUES ('','https://twitter.com/RamonHokka/status/1235162808540635137','','Hahahaha don''t worry about me I do Just fine 😉',3,11,1,'ramonhokka',0,19);
INSERT INTO News(title, url, url_image, content, source_id, category_id, type_id, author, fake, subcategory_id) VALUES ('','https://twitter.com/ReviewResist/status/1235162807685042176','https://pbs.twimg.com/media/ESQuAvmWAAAYliP.png','Pray harder pic.twitter.com/isO3F9ElWd',3,11,1,'reviewresist',0,19);
INSERT INTO News(title, url, url_image, content, source_id, category_id, type_id, author, fake, subcategory_id) VALUES ('','https://twitter.com/GreggHale621/status/1235162807227863040','','It wouldn''t mean anything for Trump.',3,11,1,'gregghale621',0,19);
INSERT INTO News(title, url, url_image, content, source_id, category_id, type_id, author, fake, subcategory_id) VALUES ('','https://twitter.com/wefeelgroove/status/1235162806699339777','','I''m going to scream Trump promised the exact same stupid thing',3,9,1,'wefeelgroove',0,19);
INSERT INTO News(title, url, url_image, content, source_id, category_id, type_id, author, fake, subcategory_id) VALUES ('','https://twitter.com/noah_zoey/status/1235162806485430272','',replace('Oh, honey, no.  You’ll always be biggest loser.\n#ImpeachedForLife','\n',char(10)),3,11,1,'noah_zoey',0,19);
INSERT INTO News(title, url, url_image, content, source_id, category_id, type_id, author, fake, subcategory_id) VALUES ('','https://twitter.com/daniellejade198/status/1235162805889880064','','2020''s lose to Trump kid.',3,11,1,'daniellejade198',0,19);
INSERT INTO News(title, url, url_image, content, source_id, category_id, type_id, author, fake, subcategory_id) VALUES ('','https://twitter.com/trsdppy/status/1235162804866383872','','I was a Warren supporter until about a week ago. You''re lovely, but it''s time to endorse Bernie if you want to beat Trump',3,11,1,'trsdppy',0,19);
INSERT INTO News(title, url, url_image, content, source_id, category_id, type_id, author, fake, subcategory_id) VALUES ('','https://twitter.com/HojoSinclair/status/1235162804430295041','','Im a staunch Trump supporter, but that vet is wrong for how he approached this.',3,11,1,'hojosinclair',0,19);
INSERT INTO News(title, url, url_image, content, source_id, category_id, type_id, author, fake, subcategory_id) VALUES ('','https://twitter.com/cheaptrickone/status/1235162802962169856','','@parscale @BernieSanders The dangerous KGB Democratic Party has planted Elizabeth Warren to stay in the race as long as it takes to steal the election from the real winner Bernie Sanders. They’re robbing the voters again',3,11,1,'cheaptrickone',0,19);
INSERT INTO News(title, url, url_image, content, source_id, category_id, type_id, author, fake, subcategory_id) VALUES ('','https://twitter.com/killinvic/status/1235162802731483138','',replace('When I mentioned the @dnc is pushing Biden to win my dad who’s been a big Trump supporter 🙄 said “well I guess they want someone just like Trump” \nMeaning someone who won’t disrupt the 1% status quo... and he’s not wrong IMO','\n',char(10)),3,11,1,'killinvic',0,19);
INSERT INTO News(title, url, url_image, content, source_id, category_id, type_id, author, fake, subcategory_id) VALUES ('','https://twitter.com/Galiciangold/status/1235162802609934336','','U eat unseasoned and under cooked chicken, no difference 😂😂😂',3,11,1,'galiciangold',0,19);
INSERT INTO News(title, url, url_image, content, source_id, category_id, type_id, author, fake, subcategory_id) VALUES ('','https://twitter.com/emmy5s/status/1235162802098229259','','and now, after dropping the name ROMNEY, his granddaughter is a mouthpiece for the racist Republican party and Trump',3,11,1,'emmy5s',0,19);
INSERT INTO News(title, url, url_image, content, source_id, category_id, type_id, author, fake, subcategory_id) VALUES ('','https://twitter.com/Agelaius15/status/1235162802052042753','','Liar. Maddow says this never happened. @BernieSanders, when did you decide to be like Trump?',3,11,1,'agelaius15',0,19);
INSERT INTO News(title, url, url_image, content, source_id, category_id, type_id, author, fake, subcategory_id) VALUES ('','https://twitter.com/knime/status/1235162782741520386','https://pbs.twimg.com/media/ESQuAPJWAAE0Ouc.jpg',replace('Learn all about the commonly used #MachineLearning algorithms in #DataScience applications at our full-day, hands-on course before the #KNIMESummit2020 starts in #Berlin. For more details visit,  https://bit.ly/2Tlgci5 \n#KNIME #Opensource pic.twitter.com/tTVhXqaUNn','\n',char(10)),3,3,1,'knime',0,7);
INSERT INTO News(title, url, url_image, content, source_id, category_id, type_id, author, fake, subcategory_id) VALUES ('','https://twitter.com/bimedotcom/status/1235162764911538176','',replace('Top 5 things to know about the state of artificial intelligence  https://tek.io/2x2YCqt  via @techrepublic\n#AI #AutonomousCars #RPA #MachineLearning # medtech #facialrecognition','\n',char(10)),3,3,1,'bimedotcom',0,7);
INSERT INTO News(title, url, url_image, content, source_id, category_id, type_id, author, fake, subcategory_id) VALUES ('','https://twitter.com/machinelearnflx/status/1235162676017475588','','Complete Statistics for Data Science & Business Analytics  https://zpy.io/71445c53  #machinelearning #ad',3,3,1,'machinelearnflx',0,7);
INSERT INTO News(title, url, url_image, content, source_id, category_id, type_id, author, fake, subcategory_id) VALUES ('','https://twitter.com/machinelearnflx/status/1235162674960437248','','Statistics for Data science  https://zpy.io/411e18f0  #machinelearning #ad',3,3,1,'machinelearnflx',0,7);
INSERT INTO News(title, url, url_image, content, source_id, category_id, type_id, author, fake, subcategory_id) VALUES ('','https://twitter.com/IAM__Network/status/1235162595633647617','https://pbs.twimg.com/media/ESQt1b7WkAAhdSd.jpg',replace('New research on adoption of Artificial intelligence within IoT ecosystem – ELE Times \n\n https://blog.iammarketingmedia.com/new-research-on-adoption-of-artificial-intelligence-within-iot-ecosystem/?utm_campaign=twitter&utm_medium=twitter&utm_source=twitter …\n#AI #DeepLearning #MachineIntelligence #MachineLearning #MixedLearning #SmartDevices pic.twitter.com/mGPux31Pao','\n',char(10)),3,3,1,'iam__network',0,7);
INSERT INTO News(title, url, url_image, content, source_id, category_id, type_id, author, fake, subcategory_id) VALUES ('','https://twitter.com/MorrisQiu/status/1235162565996687367','','Organizers of data science and machine learning conferences (NeurIPS, ICML, AISTATS, ICLR, UAI, ...): Allow remote paper & poster presentations at conferences - Sign the Petition!  http://chng.it/rmHsJDn9  via @CdnChange',3,3,1,'morrisqiu',0,7);
INSERT INTO News(title, url, url_image, content, source_id, category_id, type_id, author, fake, subcategory_id) VALUES ('','https://twitter.com/MarcoMione/status/1235162470567661568','',replace('Doctors in #China Are Using #AI to Screen #COVID19 Patients\n\n https://interestingengineering.com/doctors-in-china-are-using-ai-to-screen-covid-19-patients …\n#ArtificialIntelligence #machinelearning #coronavirus','\n',char(10)),3,3,1,'marcomione',0,7);
INSERT INTO News(title, url, url_image, content, source_id, category_id, type_id, author, fake, subcategory_id) VALUES ('','https://twitter.com/DatascienceAlex/status/1235162431652954112','',replace('Top 5 countries racing to become AI economy by @wef\n#ArtificialIntelligence #DataScience #MachineLearning #DeepLearning pic.twitter.com/NL9zkL5akp','\n',char(10)),3,3,1,'datasciencealex',0,7);
INSERT INTO News(title, url, url_image, content, source_id, category_id, type_id, author, fake, subcategory_id) VALUES ('','https://twitter.com/bhavin_ap/status/1235162392130129927','',replace('It''s good to know that Google is trying to lower the barrier to machine learning by developing TensorFlow.js.\n\nNow I have some cool motivation to learn javascript! :)\n\n@TensorFlow #machinelearning','\n',char(10)),3,3,1,'bhavin_ap',0,7);
INSERT INTO News(title, url, url_image, content, source_id, category_id, type_id, author, fake, subcategory_id) VALUES ('','https://twitter.com/ProfEricTalley/status/1235162374665097216','','Really interesting machine-learning analysis of comment letters submitted to the SEC on the proposed new proxy advisor rules by my post-doc and Millstein Center Fellow Jens Frankenreiter. Nice job, Jens!   https://clsbluesky.law.columbia.edu/2020/03/04/mapping-the-landscape-of-comments-to-the-secs-new-proxy-rules/ …',3,3,1,'proferictalley',0,7);
INSERT INTO News(title, url, url_image, content, source_id, category_id, type_id, author, fake, subcategory_id) VALUES ('','https://twitter.com/pythonbot_/status/1235162084847038464','','10 Amazing Articles on Python Programming and Machine Learning  https://medium.com/better-programming/10-amazing-articles-on-python-programming-and-machine-learning-week-3-a425a9159bff … #PythonProgramming',3,3,1,'pythonbot_',0,7);
INSERT INTO News(title, url, url_image, content, source_id, category_id, type_id, author, fake, subcategory_id) VALUES ('','https://twitter.com/Xoriant/status/1235162078228316160','https://pbs.twimg.com/media/ESQqw-pX0AE-LWf.jpg',replace('Gear up, Developers! Start your Engines because we are organizing “Xoriant Deepracer League” in Mumbai on 6th March 2020. Stay tuned for more updates! #deepracer #machinelearning #AWS\n@IVaibhavMalpani @awscloud pic.twitter.com/WHgMU6WPjA','\n',char(10)),3,3,1,'xoriant',0,7);
INSERT INTO News(title, url, url_image, content, source_id, category_id, type_id, author, fake, subcategory_id) VALUES ('','https://twitter.com/MarsjaSe/status/1235161995277742080','','What are the techniques everyone should know in #MachineLearning #DataScience in 2020? #Python #RStats - List your top 3, please. #RT #Retweet #AI #ML #Data',3,3,1,'marsjase',0,7);
INSERT INTO News(title, url, url_image, content, source_id, category_id, type_id, author, fake, subcategory_id) VALUES ('','https://twitter.com/PinakiLaskar/status/1235161979775520769','https://pbs.twimg.com/media/ESQtRK9UEAEDNO4.jpg',replace('Different ways of classifying #AI .. \nAnd\nWhat #AI can do? \n\n#IoT #CyberSecurity #MachineLearning #DeepLearning #fintech #chatbots #education #ArtificialIntelligence #IoT #IoE #deeplearning #iot pic.twitter.com/tICGDTx3F5','\n',char(10)),3,3,1,'pinakilaskar',0,7);
INSERT INTO News(title, url, url_image, content, source_id, category_id, type_id, author, fake, subcategory_id) VALUES ('','https://twitter.com/Datascience__/status/1235161912612188160','','Machine Learning and Security: Protecting Systems with Data and Algorithms  https://zpy.io/b6fe51f2  #datascience #ad',3,3,1,'datascience__',0,7);
INSERT INTO News(title, url, url_image, content, source_id, category_id, type_id, author, fake, subcategory_id) VALUES ('','https://twitter.com/Datascience__/status/1235161910531813376','','Artificial Intelligence: Machine Learning and Data Science in the 21st Century  https://zpy.io/e95c49b0  #datascience #ad',3,3,1,'datascience__',0,7);
INSERT INTO News(title, url, url_image, content, source_id, category_id, type_id, author, fake, subcategory_id) VALUES ('','https://twitter.com/SU_CompBio/status/1235161874657878016','','Madrid UPM Machine Learning and Advanced Statistics Summer School  http://www.dia.fi.upm.es/MLAS  June 22th to July 3rd by @La_UPM',3,3,1,'su_compbio',0,7);
INSERT INTO News(title, url, url_image, content, source_id, category_id, type_id, author, fake, subcategory_id) VALUES ('','https://twitter.com/rusko1337/status/1235161828646359040','',replace('Facets\n https://github.com/PAIR-code/facets …\n\nThe facets project contains two visualizations for understanding and analyzing machine learning datasets: Facets Overview and Facets Dive.','\n',char(10)),3,3,1,'rusko1337',0,7);
INSERT INTO News(title, url, url_image, content, source_id, category_id, type_id, author, fake, subcategory_id) VALUES ('','https://twitter.com/techsighter/status/1235161742541348864','','Udemy - Udemy - Machine Learning, Data Science and Deep Learning with Python  https://www.techsighter.com/resources/udemy-machine-learning-data-science-and-deep-learning-with-python.288/ … via @techsighter',3,3,1,'techsighter',0,7);
INSERT INTO News(title, url, url_image, content, source_id, category_id, type_id, author, fake, subcategory_id) VALUES ('','https://twitter.com/diorsavenu/status/1235163184400601088','',replace('layout: ☆☆☆☆☆\n @: ☆☆☆☆\n bio: ☆☆☆☆\n pinned: ☆☆☆☆☆\n overall: ☆☆☆☆','\n',char(10)),3,2,1,'diorsavenu',0,NULL);
-- Arthur
INSERT INTO News(title, url, url_image, content, source_id, category_id, type_id, author, fake, subcategory_id) VALUES ('','https://twitter.com/DavidAlanBlowe4/status/1235163173474439171','','Coronavirus Assassins Mace came  from a bio weapons facility IN Wuhan China !',3,3,1,'davidalanblowe4',1,21);
INSERT INTO News(title, url, url_image, content, source_id, category_id, type_id, author, fake, subcategory_id) VALUES ('','https://twitter.com/DocNifkin/status/1235163168588128257','','Not what',3,19,1,'docnifkin',0,11);
INSERT INTO News(title, url, url_image, content, source_id, category_id, type_id, author, fake, subcategory_id) VALUES ('','https://twitter.com/Hbn88B/status/1235163113390997504','https://pbs.t   wimg.com/media/ESQuTaWXUAI3OVt.jpg',replace('📸 GUCCI | with #KAI \n\nShot by filmmaker and photographer #HarmonyKorine, the campaign art directed by @christophersimmonds with creative direction by @alessandro_michele highlights the #GucciSS20 sunglasses collection. Discover more through link in bio. #AlessandroMichele pic.twitter.com/Z6LxOXt8Zk','\n',char(10)),3,8,1,'hbn88b',0,11);
INSERT INTO News(title, url, url_image, content, source_id, category_id, type_id, author, fake, subcategory_id) VALUES ('','https://twitter.com/BioTurboNick/status/1235163084219703297','','This',3,8,1,'bioturbonick',0,19);
INSERT INTO News(title, url, url_image, content, source_id, category_id, type_id, author, fake, subcategory_id) VALUES ('','https://twitter.com/FootnotesPhil/status/1235162979504656384','https://pbs.twimg.com/media/ESQuLZ-WsAEg4jF.jpg','Find attached the bio for one of Friday''s speakers: Lethabo Mailula. Read and join usnjnnour excitement. #footnotesphilosophy #sexualityanddiscourse pic.twitter.com/o9N76ZWu7n',3,11,1,'footnotesphil',0,18);
INSERT INTO News(title, url, url_image, content, source_id, category_id, type_id, author, fake, subcategory_id) VALUES ('','https://twitter.com/runnershiigh/status/1235162936189931520','',replace('@hyuckify \n\nuser: ☆☆☆☆☆\nbio: ☆☆☆☆☆\ndn: ☆☆☆☆☆\nlayout: ☆☆☆☆☆\npinned: ☆☆☆☆☆\n\none of my favs on this bird app 🥺🥰 luv ur @!!! hehehehe','\n',char(10)),3,2,1,'runnershiigh',0,NULL);
INSERT INTO News(title, url, url_image, content, source_id, category_id, type_id, author, fake, subcategory_id) VALUES ('','https://twitter.com/USSANews/status/1235162921988050944','https://pbs.twimg.com/media/ESQuIe1UcAEP-DI.jpg','‘If I Do Get The Coronavirus I’m Attending Every #MAGA Rally I Can’ – #Denver Communist Official Says She Will Use Deadly #Virus As Bio Weapon Against #Trump Supporters  https://ussanews.com/News1/2020/03/04/if-i-do-get-the-coronavirus-im-attending-every-maga-rally-i-can-denver-communist-official-says-she-will-use-deadly-virus-as-bio-weapon-against-trump-supporters/ … pic.twitter.com/iLa1Q8Uagq',3,11,1,'ussanews',1,20);
INSERT INTO News(title, url, url_image, content, source_id, category_id, type_id, author, fake, subcategory_id) VALUES ('','https://twitter.com/uhhra/status/1235163567101341696','',replace('reviewer: a dog is not a cat\nactual test: if a dog is not a mouse, and the dog went to the neighbor’s house. who is the owner of the cat?','\n',char(10)),3,30,1,'uhhra',0,8);
INSERT INTO News(title, url, url_image, content, source_id, category_id, type_id, author, fake, subcategory_id) VALUES ('','https://twitter.com/Lovemyd75526817/status/1235163536579530752','','Spider legged Bei.',3,8,1,'lovemyd75526817',0,1);
INSERT INTO News(title, url, url_image, content, source_id, category_id, type_id, author, fake, subcategory_id) VALUES ('','https://twitter.com/pacer_t/status/1235163531529654272','','Thanks. I know I''d almost forgotten what it looked like.',3,8,1,'pacer_t',0,1);
INSERT INTO News(title, url, url_image, content, source_id, category_id, type_id, author, fake, subcategory_id) VALUES ('','https://twitter.com/KimThuyNguyen9/status/1235163530006945793','https://pbs.twimg.com/media/ESQuo_tVAAYkJ84.jpg','Dogs  pic.twitter.com/3Kdh5iWXol',3,8,1,'kimthuynguyen9',0,1);
INSERT INTO News(title, url, url_image, content, source_id, category_id, type_id, author, fake, subcategory_id) VALUES ('','https://twitter.com/WilliamTheDog1/status/1235163524298616834','',replace('@SenTomCotton\n\nGreat ad!\n\nExclusive– Tom Cotton Launches Ad Exposing Joe Biden, Democrats: ‘Socialism Has Now Taken Over the Democratic Party’ https://www.breitbart.com/politics/2020/03/04/exclusive-tom-cotton-launches-ad-exposing-joe-biden-democrats-socialism-taken-over/ …','\n',char(10)),3,8,1,'williamthedog1',0,19);
INSERT INTO News(title, url, url_image, content, source_id, category_id, type_id, author, fake, subcategory_id) VALUES ('','https://images.unsplash.com/reserve/NV0eHnNkQDHA21GC3BAJ_Paris%20Louvr.jpg?crop=entropy&cs=tinysrgb&fit=crop&fm=jpg&h=900&ixid=eyJhcHBfaWQiOjF9&ixlib=rb-1.2.1&q=80&w=1600','https://images.unsplash.com/reserve/NV0eHnNkQDHA21GC3BAJ_Paris%20Louvr.jpg?crop=entropy&cs=tinysrgb&fit=crop&fm=jpg&h=900&ixid=eyJhcHBfaWQiOjF9&ixlib=rb-1.2.1&q=80&w=1600','',4,11,2,NULL,0,22);
INSERT INTO News(title, url, url_image, content, source_id, category_id, type_id, author, fake, subcategory_id) VALUES ('','https://images.unsplash.com/photo-1478604659451-3424450de009?crop=entropy&cs=tinysrgb&fit=crop&fm=jpg&h=900&ixid=eyJhcHBfaWQiOjF9&ixlib=rb-1.2.1&q=80&w=1600','https://images.unsplash.com/photo-1478604659451-3424450de009?crop=entropy&cs=tinysrgb&fit=crop&fm=jpg&h=900&ixid=eyJhcHBfaWQiOjF9&ixlib=rb-1.2.1&q=80&w=1600','',4,4,2,NULL,0,26);
INSERT INTO News(title, url, url_image, content, source_id, category_id, type_id, author, fake, subcategory_id) VALUES ('','https://images.unsplash.com/photo-1434682881908-b43d0467b798?crop=entropy&cs=tinysrgb&fit=crop&fm=jpg&h=900&ixid=eyJhcHBfaWQiOjF9&ixlib=rb-1.2.1&q=80&w=1600','https://images.unsplash.com/photo-1434682881908-b43d0467b798?crop=entropy&cs=tinysrgb&fit=crop&fm=jpg&h=900&ixid=eyJhcHBfaWQiOjF9&ixlib=rb-1.2.1&q=80&w=1600','',4,4,2,NULL,0,26);
INSERT INTO News(title, url, url_image, content, source_id, category_id, type_id, author, fake, subcategory_id) VALUES ('','https://images.unsplash.com/photo-1512405173804-40c66c0ed709?crop=entropy&cs=tinysrgb&fit=crop&fm=jpg&h=900&ixid=eyJhcHBfaWQiOjF9&ixlib=rb-1.2.1&q=80&w=1600','https://images.unsplash.com/photo-1512405173804-40c66c0ed709?crop=entropy&cs=tinysrgb&fit=crop&fm=jpg&h=900&ixid=eyJhcHBfaWQiOjF9&ixlib=rb-1.2.1&q=80&w=1600','',4,8,2,NULL,0,16);
INSERT INTO News(title, url, url_image, content, source_id, category_id, type_id, author, fake, subcategory_id) VALUES ('','https://images.unsplash.com/photo-1509844131888-1b6984483244?crop=entropy&cs=tinysrgb&fit=crop&fm=jpg&h=900&ixid=eyJhcHBfaWQiOjF9&ixlib=rb-1.2.1&q=80&w=1600','https://images.unsplash.com/photo-1509844131888-1b6984483244?crop=entropy&cs=tinysrgb&fit=crop&fm=jpg&h=900&ixid=eyJhcHBfaWQiOjF9&ixlib=rb-1.2.1&q=80&w=1600','',4,8,2,NULL,0,16);
INSERT INTO News(title, url, url_image, content, source_id, category_id, type_id, author, fake, subcategory_id) VALUES ('','https://images.unsplash.com/photo-1486704155675-e4c07f8ad160?crop=entropy&cs=tinysrgb&fit=crop&fm=jpg&h=900&ixid=eyJhcHBfaWQiOjF9&ixlib=rb-1.2.1&q=80&w=1600','https://images.unsplash.com/photo-1486704155675-e4c07f8ad160?crop=entropy&cs=tinysrgb&fit=crop&fm=jpg&h=900&ixid=eyJhcHBfaWQiOjF9&ixlib=rb-1.2.1&q=80&w=1600','',4,1,2,NULL,0,21);
INSERT INTO News(title, url, url_image, content, source_id, category_id, type_id, author, fake, subcategory_id) VALUES ('','https://images.unsplash.com/photo-1531854676938-4d5f9703df2e?crop=entropy&cs=tinysrgb&fit=crop&fm=jpg&h=900&ixid=eyJhcHBfaWQiOjF9&ixlib=rb-1.2.1&q=80&w=1600','https://images.unsplash.com/photo-1531854676938-4d5f9703df2e?crop=entropy&cs=tinysrgb&fit=crop&fm=jpg&h=900&ixid=eyJhcHBfaWQiOjF9&ixlib=rb-1.2.1&q=80&w=1600','',4,11,2,NULL,0,17);
INSERT INTO News(title, url, url_image, content, source_id, category_id, type_id, author, fake, subcategory_id) VALUES ('','https://images.unsplash.com/photo-1541473211644-5cb06d3c68ca?crop=entropy&cs=tinysrgb&fit=crop&fm=jpg&h=900&ixid=eyJhcHBfaWQiOjF9&ixlib=rb-1.2.1&q=80&w=1600','https://images.unsplash.com/photo-1541473211644-5cb06d3c68ca?crop=entropy&cs=tinysrgb&fit=crop&fm=jpg&h=900&ixid=eyJhcHBfaWQiOjF9&ixlib=rb-1.2.1&q=80&w=1600','',4,1,2,NULL,0,23);
INSERT INTO News(title, url, url_image, content, source_id, category_id, type_id, author, fake, subcategory_id) VALUES ('','https://images.unsplash.com/photo-1562163928-9dba19b18778?crop=entropy&cs=tinysrgb&fit=crop&fm=jpg&h=900&ixid=eyJhcHBfaWQiOjF9&ixlib=rb-1.2.1&q=80&w=1600','https://images.unsplash.com/photo-1562163928-9dba19b18778?crop=entropy&cs=tinysrgb&fit=crop&fm=jpg&h=900&ixid=eyJhcHBfaWQiOjF9&ixlib=rb-1.2.1&q=80&w=1600','',4,3,2,NULL,0,5);
INSERT INTO News(title, url, url_image, content, source_id, category_id, type_id, author, fake, subcategory_id) VALUES ('','https://images.unsplash.com/photo-1568272155541-5a3c53c68bc7?crop=entropy&cs=tinysrgb&fit=crop&fm=jpg&h=900&ixid=eyJhcHBfaWQiOjF9&ixlib=rb-1.2.1&q=80&w=1600','https://images.unsplash.com/photo-1568272155541-5a3c53c68bc7?crop=entropy&cs=tinysrgb&fit=crop&fm=jpg&h=900&ixid=eyJhcHBfaWQiOjF9&ixlib=rb-1.2.1&q=80&w=1600','',4,3,2,NULL,0,5);
INSERT INTO News(title, url, url_image, content, source_id, category_id, type_id, author, fake, subcategory_id) VALUES ('','https://images.unsplash.com/photo-1473812371018-5f20f7e3c50e?crop=entropy&cs=tinysrgb&fit=crop&fm=jpg&h=900&ixid=eyJhcHBfaWQiOjF9&ixlib=rb-1.2.1&q=80&w=1600','https://images.unsplash.com/photo-1473812371018-5f20f7e3c50e?crop=entropy&cs=tinysrgb&fit=crop&fm=jpg&h=900&ixid=eyJhcHBfaWQiOjF9&ixlib=rb-1.2.1&q=80&w=1600','',4,3,2,NULL,0,5);
INSERT INTO News(title, url, url_image, content, source_id, category_id, type_id, author, fake, subcategory_id) VALUES ('','https://images.unsplash.com/photo-1571997546010-cc789be9f644?crop=entropy&cs=tinysrgb&fit=crop&fm=jpg&h=900&ixid=eyJhcHBfaWQiOjF9&ixlib=rb-1.2.1&q=80&w=1600','https://images.unsplash.com/photo-1571997546010-cc789be9f644?crop=entropy&cs=tinysrgb&fit=crop&fm=jpg&h=900&ixid=eyJhcHBfaWQiOjF9&ixlib=rb-1.2.1&q=80&w=1600','',4,3,2,NULL,0,5);
INSERT INTO News(title, url, url_image, content, source_id, category_id, type_id, author, fake, subcategory_id) VALUES ('','https://images.unsplash.com/photo-1567957702927-be137d8ae617?crop=entropy&cs=tinysrgb&fit=crop&fm=jpg&h=900&ixid=eyJhcHBfaWQiOjF9&ixlib=rb-1.2.1&q=80&w=1600','https://images.unsplash.com/photo-1567957702927-be137d8ae617?crop=entropy&cs=tinysrgb&fit=crop&fm=jpg&h=900&ixid=eyJhcHBfaWQiOjF9&ixlib=rb-1.2.1&q=80&w=1600','',4,3,2,NULL,0,5);
INSERT INTO News(title, url, url_image, content, source_id, category_id, type_id, author, fake, subcategory_id) VALUES ('','https://twitter.com/le_gorafi/status/1237303548955832325','','"Mmmphhhmmphhhmmppht" par cet homme qui porte 5 masques de protection en même temps http://legorafi.fr/u/8gG ',3,1,1,'le_gorafi',1,2);
INSERT INTO News(title, url, url_image, content, source_id, category_id, type_id, author, fake, subcategory_id) VALUES ('','https://twitter.com/le_gorafi/status/1237287165270376448','','10 mars 2016 : « Aucune substance dans cette chose ne provient de notre planète » affirme un scientifique après examen d’un nem http://legorafi.fr/u/56Q ',3,1,1,'le_gorafi',1,2);
INSERT INTO News(title, url, url_image, content, source_id, category_id, type_id, author, fake, subcategory_id) VALUES ('','https://twitter.com/le_gorafi/status/1237001304452587521','','Municipales - Pour raisons sanitaires, le gouvernement annule les élections et place ses députés à la tête des mairies http://legorafi.fr/u/8gz ',3,11,1,'le_gorafi',1,19);
INSERT INTO News(title, url, url_image, content, source_id, category_id, type_id, author, fake, subcategory_id) VALUES ('','https://twitter.com/le_gorafi/status/1236940598935990272','','Le préfet Lallement élu personnalité préférée des Français qui ont encore leurs deux yeux http://legorafi.fr/u/8gw ',3,11,1,'le_gorafi',1,19);
INSERT INTO News(title, url, url_image, content, source_id, category_id, type_id, author, fake, subcategory_id) VALUES ('','https://twitter.com/le_gorafi/status/1236933204625539072','','Lion : Vous suivrez les conseils d’un livre de développement personnel et vous lèverez à 3h du matin tous les jours pour « mettre à profit » la nuit et le temps perdu du sommeil. Vous perdrez 10 ans d’espérance de vie. http://legorafi.fr/u/8gu ',3,1,1,'le_gorafi',1,2);
INSERT INTO News(title, url, url_image, content, source_id, category_id, type_id, author, fake, subcategory_id) VALUES ('','https://twitter.com/le_gorafi/status/1236924973320716288','','9 mars 2017 : L''humanité menacée d''extinction après que les rhinocéros ont découvert que la peau humaine était aphrodisiaque http://legorafi.fr/u/668 ',3,3,1,'le_gorafi',1,2);
INSERT INTO News(title, url, url_image, content, source_id, category_id, type_id, author, fake, subcategory_id) VALUES ('','https://twitter.com/le_gorafi/status/1236668183014227970','','#Covid19 L''OMS confirme qu''un bon gros kebab sauce samouraï est une protection efficace contre le coronavirus http://legorafi.fr/u/8gk ',3,1,1,'le_gorafi',1,15);
INSERT INTO News(title, url, url_image, content, source_id, category_id, type_id, author, fake, subcategory_id) VALUES ('','https://twitter.com/le_gorafi/status/1236637982838448129','https://pbs.twimg.com/media/ESVdPGrXkAEJpRk.jpg','Des pirates somaliens détournent un tanker chargé de gel hydroalcoolique  http://legorafi.fr/u/8fV  pic.twitter.com/xoQeyOvikp',3,11,1,'le_gorafi',1,19);
INSERT INTO News(title, url, url_image, content, source_id, category_id, type_id, author, fake, subcategory_id) VALUES ('','https://twitter.com/le_gorafi/status/1236592632928878593','','Coronavirus - Hausse de la popularité d’Emmanuel Macron après l’annulation d’un concert de M Pokora http://legorafi.fr/u/8fw ',3,8,1,'le_gorafi',1,19);
INSERT INTO News(title, url, url_image, content, source_id, category_id, type_id, author, fake, subcategory_id) VALUES ('','https://twitter.com/le_gorafi/status/1236275535573135360','https://pbs.twimg.com/media/ESRqHkHXsAAzMwe.jpg','#Covid_19fr Éric Zemmour exige que le virus soit rebaptisé "Corinnavirus"  http://legorafi.fr/u/8fN  pic.twitter.com/G08kT9aX2S',3,8,1,'le_gorafi',1,30);
INSERT INTO News(title, url, url_image, content, source_id, category_id, type_id, author, fake, subcategory_id) VALUES ('','https://twitter.com/le_gorafi/status/1236230180584251392','','Coronavirus - La RATP va rendre obligatoire le port du masque pour toutes ses rames http://legorafi.fr/u/8g8 ',3,3,1,'le_gorafi',1,20);
-- fin Arthur

INSERT INTO News(title, url, url_image, content, source_id, category_id, type_id, author, fake, subcategory_id) VALUES ('','https://twitter.com/le_gorafi/status/1236200040827367424','','7 mars 2014 : Vivendi rachète 30% de Dieu http://legorafi.fr/u/3hu ',3,5,1,'le_gorafi',1,NULL);
INSERT INTO News(title, url, url_image, content, source_id, category_id, type_id, author, fake, subcategory_id) VALUES ('','https://twitter.com/le_gorafi/status/1235991268829822976','','#Direct #COVID19 Pour endiguer la contamination au coronavirus, le gouvernement envisage par décret l''interdiction formelle pour tous Francais de tomber malade.',3,9,1,'le_gorafi',1,NULL);
INSERT INTO News(title, url, url_image, content, source_id, category_id, type_id, author, fake, subcategory_id) VALUES ('','https://twitter.com/le_gorafi/status/1235939128602226688','https://pbs.twimg.com/media/ESbwFnTXYAMZwqn.jpg','Gorafi Magazine : Ceux qui croivent en la France  http://legorafi.fr/u/8gd  pic.twitter.com/hI79USFSTF',3,10,1,'le_gorafi',1,NULL);
INSERT INTO News(title, url, url_image, content, source_id, category_id, type_id, author, fake, subcategory_id) VALUES ('','https://twitter.com/le_gorafi/status/1235916010861010944','','85% des Français d''accord pour larguer du gel hydroalcoolique par Canadair sur l''Oise et Mulhouse http://legorafi.fr/u/8gg ',3,8,1,'le_gorafi',1,NULL);
INSERT INTO News(title, url, url_image, content, source_id, category_id, type_id, author, fake, subcategory_id) VALUES ('','https://twitter.com/le_gorafi/status/1235849604526006272','','6 mars 2015 : L’Etat islamique se dissout après la découverte des concepts de déficit budgétaire et de financement des retraites http://legorafi.fr/u/45N ',3,5,1,'le_gorafi',1,NULL);
INSERT INTO News(title, url, url_image, content, source_id, category_id, type_id, author, fake, subcategory_id) VALUES ('','https://twitter.com/le_gorafi/status/1235550731157082112','','Il pleut http://legorafi.fr/u/2ow ',3,10,1,'le_gorafi',1,NULL);
INSERT INTO News(title, url, url_image, content, source_id, category_id, type_id, author, fake, subcategory_id) VALUES ('','https://twitter.com/le_gorafi/status/1235475409531105280','','5 mars 2013 : Il sort d''un coma de 19 ans et ouvre un vidéo club http://legorafi.fr/u/3gK ',3,10,1,'le_gorafi',1,NULL);
INSERT INTO News(title, url, url_image, content, source_id, category_id, type_id, author, fake, subcategory_id) VALUES ('','https://twitter.com/le_gorafi/status/1235248038916087811','https://pbs.twimg.com/media/ESR7i6fWAAEM55J.jpg','Vous voulez avoir l''air classe même en confinement ? Pourquoi ne pas porter un masque de protection taillé directement dans un de nos vêtements ? Enfin une solution efficace contre le #Covid19 ! Merci le Gorafi !  http://legorafi.clubeo.com/shop/  pic.twitter.com/ruOSopmsqf',3,1,1,'le_gorafi',1,NULL);
INSERT INTO News(title, url, url_image, content, source_id, category_id, type_id, author, fake, subcategory_id) VALUES ('','https://twitter.com/le_gorafi/status/1235160778631778304','','Suite à notre tweet, la municipalité de Rome a décidé d''en changer le nom pour que notre information soit désormais encore plus conforme.',3,9,1,'le_gorafi',1,NULL);
INSERT INTO News(title, url, url_image, content, source_id, category_id, type_id, author, fake, subcategory_id) VALUES ('','https://twitter.com/le_gorafi/status/1235131827008032771','','#Direct le sous-marin nucléaire grolandais USSSS Christophe-Salengro signalé dans la fontaine de Trévise à Rome. L''Union européenne redit sa "préoccupation" et souhaite une "désescalade de l''escalation escalatique"',3,8,1,'le_gorafi',1,NULL);
INSERT INTO News(title, url, url_image, content, source_id, category_id, type_id, author, fake, subcategory_id) VALUES ('','https://twitter.com/le_gorafi/status/1235130605920235522','','#Direct Scandale du sketch de la pizza, l''ONU appelle au calme entre l''Italie et la Présipauté du Groland. L''aviation italienne a effectué des vols de reconnaissances au-dessus de Mufflins et Palambier.',3,8,1,'le_gorafi',1,NULL);
INSERT INTO News(title, url, url_image, content, source_id, category_id, type_id, author, fake, subcategory_id) VALUES ('','https://twitter.com/le_gorafi/status/1235112893382897667','','4 mars 2015 : Monsanto « Nos pesticides ne provoquent que des maladies conformes aux normes européennes » http://legorafi.fr/u/45f ',3,2,1,'le_gorafi',1,NULL);
INSERT INTO News(title, url, url_image, content, source_id, category_id, type_id, author, fake, subcategory_id) VALUES ('','https://twitter.com/le_gorafi/status/1234829201599008769','','Les enfants organisaient des combats de baby-sitters chez eux http://legorafi.fr/u/4Ez ',3,10,1,'le_gorafi',1,NULL);
INSERT INTO News(title, url, url_image, content, source_id, category_id, type_id, author, fake, subcategory_id) VALUES ('','https://twitter.com/le_gorafi/status/1234766439678124032','','Pour répondre à la Corée du Nord, la Corée du Sud catapulte 50 personnes atteintes du Coronavirus http://ow.ly/tR6830qmwqH ',3,8,1,'le_gorafi',1,NULL);
INSERT INTO News(title, url, url_image, content, source_id, category_id, type_id, author, fake, subcategory_id) VALUES ('','https://twitter.com/le_gorafi/status/1234750459891585029','','3 mars 2014:La Russie s''engage solennellement à n''humilier la communauté internationale que de manière très relative http://legorafi.fr/u/3gi ',3,9,1,'le_gorafi',1,NULL);
INSERT INTO News(title, url, url_image, content, source_id, category_id, type_id, author, fake, subcategory_id) VALUES ('','https://twitter.com/le_gorafi/status/1234464972605939712','https://pbs.twimg.com/media/ESGzWacWsAALeDA.png','Skyrim – Premier cas de contamination au coronavirus entre un joueur et un PNJ  http://legorafi.fr/u/8fc  pic.twitter.com/725Q0D1XG0',3,1,1,'le_gorafi',1,NULL);
INSERT INTO News(title, url, url_image, content, source_id, category_id, type_id, author, fake, subcategory_id) VALUES ('','https://twitter.com/le_gorafi/status/1234408862784139264','https://pbs.twimg.com/media/ESGAUa6WAAEcFTa.jpg','Le virus du capitalisme fait encore plusieurs dizaines de millions de nouvelles victimes  http://legorafi.fr/u/8eT  pic.twitter.com/5FH7fj9OtC',3,5,1,'le_gorafi',1,NULL);
INSERT INTO News(title, url, url_image, content, source_id, category_id, type_id, author, fake, subcategory_id) VALUES ('','https://twitter.com/le_gorafi/status/1234173102130683904','','#Direct #coronavirus Le bandeau déroulant de BFMTV placé en confinement suite à un test positif au coronavirus.',3,8,1,'le_gorafi',1,NULL);
INSERT INTO News(title, url, url_image, content, source_id, category_id, type_id, author, fake, subcategory_id) VALUES ('','https://twitter.com/le_gorafi/status/1234101188930547714','','Coronavirus – Face à l''épidémie en Italie, Donald Trump ordonne la fermeture de toutes les pizzerias sur le sol américain http://legorafi.fr/u/8ek ',3,8,1,'le_gorafi',1,NULL);
INSERT INTO News(title, url, url_image, content, source_id, category_id, type_id, author, fake, subcategory_id) VALUES ('','https://twitter.com/le_gorafi/status/1234055857933078529','https://pbs.twimg.com/media/ERn_HEBWkAAeV1P.jpg','Selon une étude, 80% des armoires sont bien des portails inter-dimensionnels vers des mondes magiques  http://legorafi.fr/u/8eb  pic.twitter.com/jWqspF3rUl',3,3,1,'le_gorafi',1,NULL);
INSERT INTO News(title, url, url_image, content, source_id, category_id, type_id, author, fake, subcategory_id) VALUES ('','https://twitter.com/le_gorafi/status/1233738757758689280','','Le coronavirus confiné après avoir été en contact avec Eric Ciotti http://ow.ly/4AwS30ql7Oy ',3,2,1,'le_gorafi',1,NULL);
INSERT INTO News(title, url, url_image, content, source_id, category_id, type_id, author, fake, subcategory_id) VALUES ('','https://twitter.com/le_gorafi/status/1233693441516765184','','Peine de prison confirmée pour celui qui n''avait pas décroché à un appel alors qu''il venait tout juste de répondre à un texto http://legorafi.fr/u/8eG ',3,10,1,'le_gorafi',1,NULL);
INSERT INTO News(title, url, url_image, content, source_id, category_id, type_id, author, fake, subcategory_id) VALUES ('','https://twitter.com/le_gorafi/status/1233663370483699712','','29 février 2016 : « Mangez 5 fruits et légumes », conseille la publicité qui vous montre une délicieuse Pizza 4 fromages http://legorafi.fr/u/54V ',3,2,1,'le_gorafi',1,NULL);
INSERT INTO News(title, url, url_image, content, source_id, category_id, type_id, author, fake, subcategory_id) VALUES ('','https://twitter.com/le_gorafi/status/1233445180730150913','','#Direct La remise des #Cesar2020 finalement annulée et remplacée par un montage bout à bout des meilleures séquences malaises des 45 précédentes éditions.',3,1,1,'le_gorafi',1,NULL);
INSERT INTO News(title, url, url_image, content, source_id, category_id, type_id, author, fake, subcategory_id) VALUES ('','https://twitter.com/le_gorafi/status/1233444456185180166','','#Direct La remise des #Cesar2020 aura finalement  lieu dans les cuisines du Fouquet''s entre 21h30 et 21h35.',3,1,1,'le_gorafi',1,NULL);
INSERT INTO News(title, url, url_image, content, source_id, category_id, type_id, author, fake, subcategory_id) VALUES ('','https://twitter.com/le_gorafi/status/1233376422384881664','','« Apprendre en s''amusant » ne serait pas amusant pour 80% des enfants interrogés http://legorafi.fr/u/3tL ',3,3,1,'le_gorafi',1,NULL);
INSERT INTO News(title, url, url_image, content, source_id, category_id, type_id, author, fake, subcategory_id) VALUES ('','https://twitter.com/le_gorafi/status/1233322591508684800','','#Direct #coronavirus Premiers cas signalés ce matin en Bordurie. Le pouvoir accuse la Syldavie de négligences dans les contrôles au frontières.',3,1,1,'le_gorafi',1,NULL);
INSERT INTO News(title, url, url_image, content, source_id, category_id, type_id, author, fake, subcategory_id) VALUES ('','https://twitter.com/le_gorafi/status/1233316735849287686','','Gorafi Magazine : Paris - 10 lieux trendy où attraper le coronavirus http://ow.ly/pv5j30qlqEV ',3,10,1,'le_gorafi',1,NULL);
INSERT INTO News(title, url, url_image, content, source_id, category_id, type_id, author, fake, subcategory_id) VALUES ('','https://twitter.com/le_gorafi/status/1233301068790091776','','28 février 2017: Des dizaines de nuggets s''échappent du salon de l''agriculture http://legorafi.fr/u/62E ',3,10,1,'le_gorafi',1,NULL);
INSERT INTO News(title, url, url_image, content, source_id, category_id, type_id, author, fake, subcategory_id) VALUES ('','https://twitter.com/le_gorafi/status/1233003555361099776','','#Direct Dans un souci d''apaisement et une volonté de dialogue, le coronavirus pourrait faire son entrée au gouvernement "Il faut en même temps savoir discuter avec les médecins et le virus" défend Aurore Bergé.',3,9,1,'le_gorafi',1,NULL);
INSERT INTO News(title, url, url_image, content, source_id, category_id, type_id, author, fake, subcategory_id) VALUES ('','https://twitter.com/le_gorafi/status/1232938666160533504','','27 février 2018 : Réforme de la SNCF : les trains seront désormais conduits par des coursiers Deliveroo http://legorafi.fr/u/71_ ',3,8,1,'le_gorafi',1,NULL);
INSERT INTO News(title, url, url_image, content, source_id, category_id, type_id, author, fake, subcategory_id) VALUES ('','https://twitter.com/le_gorafi/status/1232690321248735232','','#Direct AH TROP TARD IL EST PLUS LÀ, IL EST PARTI, ON VOUS JURE ! IL ÉTAIT POURTANT JUSTE LÀ !',3,1,1,'le_gorafi',1,NULL);
INSERT INTO News(title, url, url_image, content, source_id, category_id, type_id, author, fake, subcategory_id) VALUES ('','https://twitter.com/le_gorafi/status/1232690165119963136','','#Direct ATTENTION, LÀ, DERRIÈRE VOUS, C''EST LUI ! C''EST LE CORONAVIRUS ! SURTOUT NE BOUGEZ PLUS !',3,1,1,'le_gorafi',1,NULL);
INSERT INTO News(title, url, url_image, content, source_id, category_id, type_id, author, fake, subcategory_id) VALUES ('','https://twitter.com/le_gorafi/status/1232656908688994305','','Nos conseils pour réussir une vinaigrette à tous les coups http://legorafi.fr/u/8eq ',3,1,1,'le_gorafi',1,NULL);
INSERT INTO News(title, url, url_image, content, source_id, category_id, type_id, author, fake, subcategory_id) VALUES ('','https://twitter.com/le_gorafi/status/1232576154718130176','','26 février 2016 : Sondage : les tarifs des psychanalystes à l’origine de 81% des guérisons http://legorafi.fr/u/1uF ',3,2,1,'le_gorafi',1,NULL);
INSERT INTO News(title, url, url_image, content, source_id, category_id, type_id, author, fake, subcategory_id) VALUES ('','https://twitter.com/le_gorafi/status/1232318967936700417','','Rennes : pour concurrencer la LFI, le PS va faire figurer une bouteille de Chouchen sur sa liste http://legorafi.fr/u/8ef ',3,10,1,'le_gorafi',1,NULL);
INSERT INTO News(title, url, url_image, content, source_id, category_id, type_id, author, fake, subcategory_id) VALUES ('MISS DIOR – The new Eau de Parfum','https://www.youtube.com/watch?v=h4s0llOpKrU','',replace('AND YOU, WHAT WOULD YOU DO FOR LOVE? \nWatch the new Miss Dior film starring Natalie Portman, directed by Emmanuel Cossu.\n#missdiorforlove','\n',char(10)),2,1,3,NULL,NULL,NULL);
INSERT INTO News(title, url, url_image, content, source_id, category_id, type_id, author, fake, subcategory_id) VALUES ('Clash Royale: The Last Second (Official Commercial)','https://www.youtube.com/watch?v=TJryIc0Cwy4','',replace('When it comes down to the last second... \n\n        Subscribe! http://supr.cl/SubRoyale','\n',char(10)),2,1,3,NULL,NULL,NULL);
INSERT INTO News(title, url, url_image, content, source_id, category_id, type_id, author, fake, subcategory_id) VALUES ('McDonald''s Service à Table','https://www.youtube.com/watch?v=UV2dnawkf0I','','',2,1,3,NULL,NULL,NULL);
INSERT INTO News(title, url, url_image, content, source_id, category_id, type_id, author, fake, subcategory_id) VALUES ('Copie TV Coca-Cola zero sucres (60 sec)','https://www.youtube.com/watch?v=_eC5MmIPbi8','','Vivez sans limites avec Coca-Cola zero sucres',2,1,3,NULL,NULL,NULL);
INSERT INTO News(title, url, url_image, content, source_id, category_id, type_id, author, fake, subcategory_id) VALUES ('Campagne 2018 - 30 Millions d''Amis','https://www.youtube.com/watch?v=XW5-CQdmE_8','','Le film de la Fondation 30 Millions d''Amis, réalisé par Xavier Giannoli, met en scène l’histoire de la relation exceptionnelle qui s’établit entre maître et chien. Dites #NONALABANDON : https://goo.gl/LRUSdB',2,1,3,NULL,NULL,NULL);
INSERT INTO News(title, url, url_image, content, source_id, category_id, type_id, author, fake, subcategory_id) VALUES ('Cetelem - Publicité - Parfum','https://www.youtube.com/watch?v=mVdvTivLAAs','','',2,1,3,NULL,NULL,NULL);
INSERT INTO News(title, url, url_image, content, source_id, category_id, type_id, author, fake, subcategory_id) VALUES ('FIAT Nouvelle 500X - Retour vers le futur','https://www.youtube.com/watch?v=Upch85La3Rc','','Faites un bon dans le temps avec la nouvelle Fiat 500X bientôt dans notre showroom Fiat Nice.',2,1,3,NULL,NULL,NULL);
INSERT INTO News(title, url, url_image, content, source_id, category_id, type_id, author, fake, subcategory_id) VALUES ('FIAT Nouvelle 500X - Retour vers le futur','https://www.youtube.com/watch?v=Upch85La3Rc','','Faites un bon dans le temps avec la nouvelle Fiat 500X bientôt dans notre showroom Fiat Nice.',2,1,3,NULL,NULL,NULL);
INSERT INTO News(title, url, url_image, content, source_id, category_id, type_id, author, fake, subcategory_id) VALUES ('OREO - OWEN WILSON @ Le parc','https://www.youtube.com/watch?v=LzEsOw-_CGs','','Owen Wilson présente (à sa manière) les biscuits OREO goût beurre de cacahuète ! Et vous DO YOU SPEAK OREO ?',2,1,3,NULL,NULL,NULL);
INSERT INTO News(title, url, url_image, content, source_id, category_id, type_id, author, fake, subcategory_id) VALUES ('Amazon Echo - Nouveau Spot Commercial - Claire (30s)','https://www.youtube.com/watch?v=ZChAcuTPqvs','','Amazon Echo, à vos côtés pour tous les petits moments de la vie... et les grands aussi.',2,1,3,NULL,NULL,NULL);
INSERT INTO News(title, url, url_image, content, source_id, category_id, type_id, author, fake, subcategory_id) VALUES ('CHEZ TATI T''AS TOUT !','https://www.youtube.com/watch?v=qU1jZ7LqlgA','','Découvrez la nouvelle collection de notre univers de la maison pour décorer votre intérieur à prix Tati !',2,1,3,NULL,NULL,NULL);
-- endregion

-- region Twitter news

    -- region Entertainment

        INSERT INTO News(title, url, url_image, content, source_id, category_id, type_id, author, fake, subcategory_id) VALUES ('','https://twitter.com/urdadssidepiece/status/1241445111881502721','','',3,1,1,'',0,1);
        INSERT INTO News(title, url, url_image, content, source_id, category_id, type_id, author, fake, subcategory_id) VALUES ('','https://twitter.com/ladbible/status/1232636428858920966','','',3,1,1,'',0,1);
        INSERT INTO News(title, url, url_image, content, source_id, category_id, type_id, author, fake, subcategory_id) VALUES ('','https://twitter.com/ladbible/status/1235263740074954759','','',3,1,1,'',0,1);
        INSERT INTO News(title, url, url_image, content, source_id, category_id, type_id, author, fake, subcategory_id) VALUES ('','https://twitter.com/ladbible/status/1242232156136574977','','',3,1,1,'',0,1);
        INSERT INTO News(title, url, url_image, content, source_id, category_id, type_id, author, fake, subcategory_id) VALUES ('','https://twitter.com/ladbible/status/1243145678441734146','','',3,1,1,'',0,2);
        INSERT INTO News(title, url, url_image, content, source_id, category_id, type_id, author, fake, subcategory_id) VALUES ('','https://twitter.com/ladbible/status/1242594543972888576','','',3,1,1,'',0,2);
        INSERT INTO News(title, url, url_image, content, source_id, category_id, type_id, author, fake, subcategory_id) VALUES ('','https://twitter.com/9GAG/status/1242526848510287878','','',3,1,1,'',0,2);
        INSERT INTO News(title, url, url_image, content, source_id, category_id, type_id, author, fake, subcategory_id) VALUES ('','https://twitter.com/pollykeaton/status/1242039804180811777','','',3,1,1,'',0,2);
        INSERT INTO News(title, url, url_image, content, source_id, category_id, type_id, author, fake, subcategory_id) VALUES ('','https://twitter.com/HotModelsCelebs/status/1240710882406981632','','',3,1,1,'',0,3);
        INSERT INTO News(title, url, url_image, content, source_id, category_id, type_id, author, fake, subcategory_id) VALUES ('','https://twitter.com/SparksxTiny/status/1241472034565246976','','',3,1,1,'',0,3);
        INSERT INTO News(title, url, url_image, content, source_id, category_id, type_id, author, fake, subcategory_id) VALUES ('','https://twitter.com/billstewart61/status/1197567957972537345','','',3,1,1,'',0,3);
        INSERT INTO News(title, url, url_image, content, source_id, category_id, type_id, author, fake, subcategory_id) VALUES ('','https://twitter.com/its_amble/status/1242938024947642369','','',3,1,1,'',0,4);
        INSERT INTO News(title, url, url_image, content, source_id, category_id, type_id, author, fake, subcategory_id) VALUES ('','https://twitter.com/Slasher/status/1241839271214014466','','',3,1,1,'',0,25);
        INSERT INTO News(title, url, url_image, content, source_id, category_id, type_id, author, fake, subcategory_id) VALUES ('','https://twitter.com/warjudo3/status/1242555646601543680','','',3,1,1,'',0,25);
        INSERT INTO News(title, url, url_image, content, source_id, category_id, type_id, author, fake, subcategory_id) VALUES ('','https://twitter.com/ladbible/status/1242662492070916100','','',3,1,1,'',0,30);
        INSERT INTO News(title, url, url_image, content, source_id, category_id, type_id, author, fake, subcategory_id) VALUES ('','https://twitter.com/ladbible/status/1242496398429429765','','',3,1,1,'',0,30);
        INSERT INTO News(title, url, url_image, content, source_id, category_id, type_id, author, fake, subcategory_id) VALUES ('','https://twitter.com/ladbible/status/1242390701863776256','','',3,1,1,'',0,30);

    -- endregion

    -- region Science

        INSERT INTO News(title, url, url_image, content, source_id, category_id, type_id, author, fake, subcategory_id) VALUES ('','https://twitter.com/NASA/status/1242956937504813056','','',3,3,1,'',0,5);
        INSERT INTO News(title, url, url_image, content, source_id, category_id, type_id, author, fake, subcategory_id) VALUES ('','https://twitter.com/NASAClimate/status/1242846346748366849','','',3,3,3,'',0,6);
        INSERT INTO News(title, url, url_image, content, source_id, category_id, type_id, author, fake, subcategory_id) VALUES ('','https://twitter.com/fullstackhq/status/1218035593109803008','','',3,3,1,'',0,7);
        INSERT INTO News(title, url, url_image, content, source_id, category_id, type_id, author, fake, subcategory_id) VALUES ('','https://twitter.com/vkmonx/status/1240393976865267714','','',3,3,1,'',0,8);
        INSERT INTO News(title, url, url_image, content, source_id, category_id, type_id, author, fake, subcategory_id) VALUES ('','https://twitter.com/MarakColorArt/status/1194986654290735110','','',3,3,1,'',0,9);
        INSERT INTO News(title, url, url_image, content, source_id, category_id, type_id, author, fake, subcategory_id) VALUES ('','https://twitter.com/BeesCount/status/1243133859530752002','','',3,3,1,'',0,22);

    -- endregion

    -- region Sports

        INSERT INTO News(title, url, url_image, content, source_id, category_id, type_id, author, fake, subcategory_id) VALUES ('','https://twitter.com/NASA/status/1242956937504813056','','',3,4,1,'',0,10);
        INSERT INTO News(title, url, url_image, content, source_id, category_id, type_id, author, fake, subcategory_id) VALUES ('','https://twitter.com/Football__Tweet/status/1243159265012932608','','',3,4,1,'',0,10);
        INSERT INTO News(title, url, url_image, content, source_id, category_id, type_id, author, fake, subcategory_id) VALUES ('','https://twitter.com/telegraph_sport/status/950298731185885184','','',3,4,1,'',0,11);
        INSERT INTO News(title, url, url_image, content, source_id, category_id, type_id, author, fake, subcategory_id) VALUES ('','https://twitter.com/LucaFiorino24/status/1243169768988868620','','',3,4,1,'',0,12);
        INSERT INTO News(title, url, url_image, content, source_id, category_id, type_id, author, fake, subcategory_id) VALUES ('','https://twitter.com/Pierceathletics/status/1228690271967289348','','',3,4,1,'',0,26);
        INSERT INTO News(title, url, url_image, content, source_id, category_id, type_id, author, fake, subcategory_id) VALUES ('','https://twitter.com/tracydover/status/1243087291213643776','','',3,4,1,'',0,27);
        INSERT INTO News(title, url, url_image, content, source_id, category_id, type_id, author, fake, subcategory_id) VALUES ('','https://twitter.com/UpdatesFerrari/status/1168178354643558407','','',3,4,1,'',0,28);
        INSERT INTO News(title, url, url_image, content, source_id, category_id, type_id, author, fake, subcategory_id) VALUES ('','https://twitter.com/fissnowboard/status/1082778889292861440','','',3,4,1,'',0,29);

    -- endregion

    -- region Culture

        INSERT INTO News(title, url, url_image, content, source_id, category_id, type_id, author, fake, subcategory_id) VALUES ('','https://twitter.com/ClintSmithIII/status/1243258151090216961','','',3,8,1,'',0,13);
        INSERT INTO News(title, url, url_image, content, source_id, category_id, type_id, author, fake, subcategory_id) VALUES ('','https://twitter.com/MrLipnicki/status/1242854923492098051','','',3,8,1,'',0,13);
        INSERT INTO News(title, url, url_image, content, source_id, category_id, type_id, author, fake, subcategory_id) VALUES ('','https://twitter.com/moviedetail/status/1241806406552035328','','',3,8,1,'',0,14);
        INSERT INTO News(title, url, url_image, content, source_id, category_id, type_id, author, fake, subcategory_id) VALUES ('','https://twitter.com/SM_kmh_/status/1242515337297276928','','',3,8,1,'',0,14);
        INSERT INTO News(title, url, url_image, content, source_id, category_id, type_id, author, fake, subcategory_id) VALUES ('','https://twitter.com/ScottMendelson/status/1242816888163323904','','',3,8,1,'',0,14);
        INSERT INTO News(title, url, url_image, content, source_id, category_id, type_id, author, fake, subcategory_id) VALUES ('','https://twitter.com/KinggJustinD/status/1240784918721921024','','',3,8,1,'',0,15);
        INSERT INTO News(title, url, url_image, content, source_id, category_id, type_id, author, fake, subcategory_id) VALUES ('','https://twitter.com/MissMegWinter/status/1243250994051452930','','',3,8,1,'',0,15);
        INSERT INTO News(title, url, url_image, content, source_id, category_id, type_id, author, fake, subcategory_id) VALUES ('','https://twitter.com/AMENARTPOP/status/1242794421063565312','','',3,8,1,'',0,16);
        INSERT INTO News(title, url, url_image, content, source_id, category_id, type_id, author, fake, subcategory_id) VALUES ('','https://twitter.com/billboard/status/1243085329457971200','','',3,8,1,'',0,16);

    -- endregion

    -- region Societal

        INSERT INTO News(title, url, url_image, content, source_id, category_id, type_id, author, fake, subcategory_id) VALUES ('','https://twitter.com/PinkNews/status/1232084540807696384','','',3,11,1,'',0,17);
        INSERT INTO News(title, url, url_image, content, source_id, category_id, type_id, author, fake, subcategory_id) VALUES ('','https://twitter.com/DCampoamor/status/1242808141408096256','','',3,11,1,'',0,17);
        INSERT INTO News(title, url, url_image, content, source_id, category_id, type_id, author, fake, subcategory_id) VALUES ('','https://twitter.com/__usyy/status/1241414306295676931','','',3,11,1,'',0,17);
        INSERT INTO News(title, url, url_image, content, source_id, category_id, type_id, author, fake, subcategory_id) VALUES ('','https://twitter.com/N9Lara/status/1182687529440546821','','',3,11,1,'',0,18);
        INSERT INTO News(title, url, url_image, content, source_id, category_id, type_id, author, fake, subcategory_id) VALUES ('','https://twitter.com/DennisKoch10/status/1235909647686500353','','',3,11,1,'',0,18);
        INSERT INTO News(title, url, url_image, content, source_id, category_id, type_id, author, fake, subcategory_id) VALUES ('','https://twitter.com/jeremycorbyn/status/1243242764873224193','','',3,11,1,'',0,18);
        INSERT INTO News(title, url, url_image, content, source_id, category_id, type_id, author, fake, subcategory_id) VALUES ('','https://twitter.com/PedderSophie/status/1013448296109572097','','',3,11,1,'',0,18);
        INSERT INTO News(title, url, url_image, content, source_id, category_id, type_id, author, fake, subcategory_id) VALUES ('','https://twitter.com/ElBeardsley/status/882542992661368833','','',3,11,1,'',0,18);
        INSERT INTO News(title, url, url_image, content, source_id, category_id, type_id, author, fake, subcategory_id) VALUES ('','https://twitter.com/chuckwoolery/status/1241778600711503879','','',3,11,1,'',0,19);
        INSERT INTO News(title, url, url_image, content, source_id, category_id, type_id, author, fake, subcategory_id) VALUES ('','https://twitter.com/PedderSophie/status/1238514281215393795','','',3,11,1,'',0,19);
        INSERT INTO News(title, url, url_image, content, source_id, category_id, type_id, author, fake, subcategory_id) VALUES ('','https://twitter.com/ytcitraining/status/1242115515549712384','','',3,11,1,'',0,19);
        INSERT INTO News(title, url, url_image, content, source_id, category_id, type_id, author, fake, subcategory_id) VALUES ('','https://twitter.com/SenSanders/status/1242820633412722690','','',3,11,1,'',0,20);
        INSERT INTO News(title, url, url_image, content, source_id, category_id, type_id, author, fake, subcategory_id) VALUES ('','https://twitter.com/UNAIDS/status/1242523069744283648','','',3,11,1,'',0,20);
        INSERT INTO News(title, url, url_image, content, source_id, category_id, type_id, author, fake, subcategory_id) VALUES ('','https://twitter.com/ajplus/status/882790459386482689','','',3,11,1,'',0,20);
        INSERT INTO News(title, url, url_image, content, source_id, category_id, type_id, author, fake, subcategory_id) VALUES ('','https://twitter.com/dwnews/status/952012095440080896','','',3,11,1,'',0,20);
        INSERT INTO News(title, url, url_image, content, source_id, category_id, type_id, author, fake, subcategory_id) VALUES ('','https://twitter.com/ChateauMercues/status/1018793890667814912','','',3,11,1,'',0,21);
        INSERT INTO News(title, url, url_image, content, source_id, category_id, type_id, author, fake, subcategory_id) VALUES ('','https://twitter.com/TwistedNathan21/status/1196213959243599872','','',3,11,1,'',0,21);
        INSERT INTO News(title, url, url_image, content, source_id, category_id, type_id, author, fake, subcategory_id) VALUES ('','https://twitter.com/jpr007/status/1243196108756549633','','',3,11,1,'',0,23);
        INSERT INTO News(title, url, url_image, content, source_id, category_id, type_id, author, fake, subcategory_id) VALUES ('','https://twitter.com/AndrewBloch/status/1239265407661416448','','',3,11,1,'',0,23);
        INSERT INTO News(title, url, url_image, content, source_id, category_id, type_id, author, fake, subcategory_id) VALUES ('','https://twitter.com/11thHour/status/1242943234889916417','','',3,11,1,'',0,24);
        INSERT INTO News(title, url, url_image, content, source_id, category_id, type_id, author, fake, subcategory_id) VALUES ('','https://twitter.com/NPR/status/1242814772149698562','','',3,11,1,'',0,24);

    -- endregion

-- endregion

-- region News news

    -- region Entertainment

        INSERT INTO News(title, url, url_image, content, source_id, category_id, type_id, author, fake, subcategory_id) VALUES ('','https://www.nbcnews.com/news/amp/ncna190771','','',1,1,1,'',0,1);
        INSERT INTO News(title, url, url_image, content, source_id, category_id, type_id, author, fake, subcategory_id) VALUES ('','https://www.nbcnews.com/news/us-news/couple-died-yosemite-fall-while-taking-selfie-man-s-brother-n926166','','',1,1,1,'',0,2);
        INSERT INTO News(title, url, url_image, content, source_id, category_id, type_id, author, fake, subcategory_id) VALUES ('','https://www.nbcnews.com/think/opinion/netflix-movie-extraction-waste-chris-hemsworth-s-comedic-acting-talents-ncna1192046','','',1,1,1,'',0,3);
        INSERT INTO News(title, url, url_image, content, source_id, category_id, type_id, author, fake, subcategory_id) VALUES ('','https://www.nbcnews.com/news/latino/penelope-cruz-esquires-sexiest-woman-alive-n224486','','',1,1,1,'',0,3);
        INSERT INTO News(title, url, url_image, content, source_id, category_id, type_id, author, fake, subcategory_id) VALUES ('','https://www.gamespot.com/articles/animal-crossing-new-horizons-update-fixes-a-big-pr/1100-6475250/','','',1,1,1,'',0,4);
        INSERT INTO News(title, url, url_image, content, source_id, category_id, type_id, author, fake, subcategory_id) VALUES ('','https://www.motorsport.com/f1/news/long-beach-1983-watson-win/4773934/','','',1,1,1,'',0,25);

    -- endregion

    -- region Science

        INSERT INTO News(title, url, url_image, content, source_id, category_id, type_id, author, fake, subcategory_id) VALUES ('','https://mashable.com/2017/04/27/nasa-spacesuits-report-international-space-station/?europe=true','','',1,3,1,'',0,5);
        INSERT INTO News(title, url, url_image, content, source_id, category_id, type_id, author, fake, subcategory_id) VALUES ('','https://mashable.com/article/mars-jupiter-space-photos-hubble/?europe=true','','',1,3,1,'',0,5);
        INSERT INTO News(title, url, url_image, content, source_id, category_id, type_id, author, fake, subcategory_id) VALUES ('','https://nakedsecurity.sophos.com/2020/03/25/your-unused-computer-can-help-find-a-covid-19-cure/','','',1,3,1,'',0,7);
        INSERT INTO News(title, url, url_image, content, source_id, category_id, type_id, author, fake, subcategory_id) VALUES ('','https://mashable.com/2014/12/02/hiv-aids-study-uk/?europe=true','','',1,3,1,'',0,8);
        INSERT INTO News(title, url, url_image, content, source_id, category_id, type_id, author, fake, subcategory_id) VALUES ('','https://mashable.com/2015/11/17/hiv-aids-myths/?europe=true','','',1,3,1,'',0,8);
        INSERT INTO News(title, url, url_image, content, source_id, category_id, type_id, author, fake, subcategory_id) VALUES ('','https://mashable.com/2014/03/03/virus-siberia-permafrost/?europe=true','','',1,3,1,'',0,8);

    -- endregion

    -- region Sports

        INSERT INTO News(title, url, url_image, content, source_id, category_id, type_id, author, fake, subcategory_id) VALUES ('','https://www.nbcnews.com/storyline/isis-terror/euro-2016-france-refuses-let-isis-take-soccer-away-n577511','','',1,4,1,'',0,10);
        INSERT INTO News(title, url, url_image, content, source_id, category_id, type_id, author, fake, subcategory_id) VALUES ('','https://www.nbcnews.com/news/us-news/u-s-soccer-orders-national-team-players-stand-during-anthem-n729361','','',1,4,1,'',0,10);
        INSERT INTO News(title, url, url_image, content, source_id, category_id, type_id, author, fake, subcategory_id) VALUES ('','https://www.usnews.com/news/health-news/articles/2020-03-24/how-many-steps-per-day-to-lengthen-your-life','','',1,4,1,'',0,11);
        INSERT INTO News(title, url, url_image, content, source_id, category_id, type_id, author, fake, subcategory_id) VALUES ('','https://www.usnews.com/news/health-news/articles/2020-03-02/intense-exercise-can-trigger-heart-trouble-in-the-unprepared','','',1,4,1,'',0,11);
        INSERT INTO News(title, url, url_image, content, source_id, category_id, type_id, author, fake, subcategory_id) VALUES ('','https://www.nbcnews.com/science/environment/norway-s-skiing-culture-question-warming-climate-leaves-little-snow-n1140606','','',1,4,1,'',0,29);
        INSERT INTO News(title, url, url_image, content, source_id, category_id, type_id, author, fake, subcategory_id) VALUES ('','https://coloradosun.com/2019/12/19/gus-kenworth-great-britain-olympics-skiing/','','',1,4,1,'',0,29);
        INSERT INTO News(title, url, url_image, content, source_id, category_id, type_id, author, fake, subcategory_id) VALUES ('','https://www.nbcnews.com/news/us-news/alaskan-woman-mauled-bear-while-running-co-worker-n404821','','',1,4,1,'',0,26);
        INSERT INTO News(title, url, url_image, content, source_id, category_id, type_id, author, fake, subcategory_id) VALUES ('','https://www.nbcnews.com/news/nbcblk/detroit-boxing-gym-doing-what-public-schools-can-t-graduating-n1063696','','',1,4,1,'',0,27);
        INSERT INTO News(title, url, url_image, content, source_id, category_id, type_id, author, fake, subcategory_id) VALUES ('','https://www.nbcnews.com/news/sports/boxing-legend-pernell-sweet-pea-whitaker-55-killed-virginia-car-n1029886','','',1,4,1,'',0,27);
        INSERT INTO News(title, url, url_image, content, source_id, category_id, type_id, author, fake, subcategory_id) VALUES ('','https://www.nbcnews.com/business/autos/formula-e-racers-set-out-change-world-quietly-n327071','','',1,4,1,'',0,28);

    -- endregion

    -- region Culture

        INSERT INTO News(title, url, url_image, content, source_id, category_id, type_id, author, fake, subcategory_id) VALUES ('','https://mashable.com/article/independent-bookstores-amazon-coronavirus/?europe=true','','',1,8,1,'',0,13);
        INSERT INTO News(title, url, url_image, content, source_id, category_id, type_id, author, fake, subcategory_id) VALUES ('','https://mashable.com/article/not-finishing-books-instagram/?europe=true','','',1,8,1,'',0,13);
        INSERT INTO News(title, url, url_image, content, source_id, category_id, type_id, author, fake, subcategory_id) VALUES ('','https://www.nbcnews.com/business/business-news/entertainment-giants-brace-outsize-hit-theme-park-closures-cinema-shutdowns-n1147506','','',1,8,1,'',0,14);

    -- endregion

    -- region Societal

        INSERT INTO News(title, url, url_image, content, source_id, category_id, type_id, author, fake, subcategory_id) VALUES ('','https://mashable.com/article/independent-bookstores-amazon-coronavirus/?europe=true','','',1,11,1,'',0,13);
        INSERT INTO News(title, url, url_image, content, source_id, category_id, type_id, author, fake, subcategory_id) VALUES ('','https://mashable.com/2017/02/07/tesla-s-p100d-acceleration-record/?europe=true','','',1,11,1,'',0,23);
        INSERT INTO News(title, url, url_image, content, source_id, category_id, type_id, author, fake, subcategory_id) VALUES ('','https://mashable.com/2018/01/28/strava-fitbit-fitness-tracker-global-heatmap-threat/?europe=true','','',1,11,1,'',0,23);
        INSERT INTO News(title, url, url_image, content, source_id, category_id, type_id, author, fake, subcategory_id) VALUES ('','https://www.reuters.com/article/edf-nuclearpower/edf-keeps-nuclear-output-target-steady-for-2020-idUSL8N29I3AX','','',1,11,1,'',0,23);
        INSERT INTO News(title, url, url_image, content, source_id, category_id, type_id, author, fake, subcategory_id) VALUES ('','https://www.reuters.com/article/thales-results/rpt-update-1-frances-thales-sees-rebound-in-2021-after-hitting-cautious-2019-target-idUSL5N2AQ11T','','',1,11,1,'',0,24);
        INSERT INTO News(title, url, url_image, content, source_id, category_id, type_id, author, fake, subcategory_id) VALUES ('','https://www.nbcnews.com/feature/nbc-out/coming-out-changes-game-olympian-gus-kenworthy-n838346','','',1,11,1,'',0,18);
        INSERT INTO News(title, url, url_image, content, source_id, category_id, type_id, author, fake, subcategory_id) VALUES ('','https://www.nbcnews.com/news/asian-america/biden-criticizes-trump-statement-against-anti-asian-coronavirus-racism-n1183051','','',1,11,1,'',0,18);
        INSERT INTO News(title, url, url_image, content, source_id, category_id, type_id, author, fake, subcategory_id) VALUES ('','https://www.nbcnews.com/politics/donald-trump/trump-says-he-does-not-believe-polls-show-biden-ahead-n1195936','','',1,11,1,'',0,19);
        INSERT INTO News(title, url, url_image, content, source_id, category_id, type_id, author, fake, subcategory_id) VALUES ('','https://www.nbcnews.com/politics/meet-the-press/poll-six-10-support-keeping-stay-home-restrictions-fight-coronavirus-n1187011','','',1,11,1,'',0,19);
        INSERT INTO News(title, url, url_image, content, source_id, category_id, type_id, author, fake, subcategory_id) VALUES ('','https://www.nbcnews.com/politics/2020-election/joe-biden-leading-presidential-polls-generic-alternative-trump-n1190851','','',1,11,1,'',0,19);

    -- endregion

--endregion

-- region YouTube news

    -- region Entertainment

        INSERT INTO News(title, url, url_image, content, source_id, category_id, type_id, author, fake, subcategory_id) VALUES ('Husky Stair Explode','https://www.youtube.com/watch?v=WKVhtX4VNSQ','','',2,1,3,NULL,0,1);
        INSERT INTO News(title, url, url_image, content, source_id, category_id, type_id, author, fake, subcategory_id) VALUES ('Go! Bwaaah! Sparta Remix','https://www.youtube.com/watch?v=BubFvh1mt9U','','',2,1,3,NULL,0,2);
        INSERT INTO News(title, url, url_image, content, source_id, category_id, type_id, author, fake, subcategory_id) VALUES ('Teaser | DIEUX DU STADE 2019','https://www.youtube.com/watch?v=Gd402RXr0cE','','',2,1,3,NULL,0,3);
        INSERT INTO News(title, url, url_image, content, source_id, category_id, type_id, author, fake, subcategory_id) VALUES ('David Lynch''s PS2 Commercial - Bambi','https://www.youtube.com/watch?v=T4tOvkvCvwQ','','',2,1,3,NULL,0,4);
        INSERT INTO News(title, url, url_image, content, source_id, category_id, type_id, author, fake, subcategory_id) VALUES ('Beauf tunning','https://www.youtube.com/watch?v=y6nltgsLc4w','','',2,1,3,NULL,0,25);
        INSERT INTO News(title, url, url_image, content, source_id, category_id, type_id, author, fake, subcategory_id) VALUES ('Funny Quarantine Videos Day 1 - 21','https://www.youtube.com/watch?v=KdOVQDCHViE','','',2,1,3,NULL,0,30);

    -- endregion

    -- region Science

        INSERT INTO News(title, url, url_image, content, source_id, category_id, type_id, author, fake, subcategory_id) VALUES ('Le mouvement des corps céleste dans notre système solaire','https://www.youtube.com/watch?v=qb3ho0HauOA','','',2,3,3,NULL,0,5);
        INSERT INTO News(title, url, url_image, content, source_id, category_id, type_id, author, fake, subcategory_id) VALUES ('Tornado caught on camera tearing through Arkansas city','https://www.youtube.com/watch?v=fCjJDUItCek','','',2,3,3,NULL,0,6);
        INSERT INTO News(title, url, url_image, content, source_id, category_id, type_id, author, fake, subcategory_id) VALUES ('New Robot Can Now Fight Back! (Corridor Digital)','https://www.youtube.com/watch?v=dKjCWfuvYxQ','','',2,3,3,NULL,0,7);
        INSERT INTO News(title, url, url_image, content, source_id, category_id, type_id, author, fake, subcategory_id) VALUES ('Etudiants en médecine, ils apprennent à faire de sutures au centre Simusanté du CHU d’Amiens','https://www.youtube.com/watch?v=HQqNiqsoYNg','','',2,3,3,NULL,0,8);
        INSERT INTO News(title, url, url_image, content, source_id, category_id, type_id, author, fake, subcategory_id) VALUES ('Trust in Physics','https://www.youtube.com/watch?v=xXXF2C-vrQE','','',2,3,3,NULL,0,9);
        INSERT INTO News(title, url, url_image, content, source_id, category_id, type_id, author, fake, subcategory_id) VALUES ('Drones Sacrificed for Spectacular Volcano Video | National Geographic','https://www.youtube.com/watch?v=zFIWWM0Iv-U','','',2,3,3,NULL,0,22);

    -- endregion

    -- region Sports

        INSERT INTO News(title, url, url_image, content, source_id, category_id, type_id, author, fake, subcategory_id) VALUES ('Zidane 2 Brésil 1998','https://www.youtube.com/watch?v=S6QGN0C8KLw','','',2,4,3,NULL,0,10);
        INSERT INTO News(title, url, url_image, content, source_id, category_id, type_id, author, fake, subcategory_id) VALUES ('Bungee Fitness-Feel the Freedom','https://www.youtube.com/watch?v=ajtaahuh-FQ','','',2,4,3,NULL,0,11);
        INSERT INTO News(title, url, url_image, content, source_id, category_id, type_id, author, fake, subcategory_id) VALUES ('TOP 10 WORST ATP TENNIS MISSES!','https://www.youtube.com/watch?v=rYrBdCv1fqs','','',2,4,3,NULL,0,12);
        INSERT INTO News(title, url, url_image, content, source_id, category_id, type_id, author, fake, subcategory_id) VALUES ('Usain Bolt Bat le Record du monde du 100m en 9.58','https://www.youtube.com/watch?v=54SjaE0Z29c','','',2,4,3,NULL,0,26);
        INSERT INTO News(title, url, url_image, content, source_id, category_id, type_id, author, fake, subcategory_id) VALUES ('Every Conor McGregor in-ring face off in the UFC (2014-2020)','https://www.youtube.com/watch?v=Q291I35H174','','',2,4,3,NULL,0,27);
        INSERT INTO News(title, url, url_image, content, source_id, category_id, type_id, author, fake, subcategory_id) VALUES ('Rally Mexico 2020 - Maximum Attack Day 2','https://www.youtube.com/watch?v=H13V8D8txh8','','',2,4,3,NULL,0,28);
        INSERT INTO News(title, url, url_image, content, source_id, category_id, type_id, author, fake, subcategory_id) VALUES ('Lost Boy / Ice Skating - Elena Radionova','https://www.youtube.com/watch?v=5pB7zBMBwm0','','',2,4,3,NULL,0,29);

    -- endregion

    -- region Culture

        INSERT INTO News(title, url, url_image, content, source_id, category_id, type_id, author, fake, subcategory_id) VALUES ('Mao''s Little Red Book','https://www.youtube.com/watch?v=JIIh00ETbxA','','',2,8,3,NULL,0,13);
        INSERT INTO News(title, url, url_image, content, source_id, category_id, type_id, author, fake, subcategory_id) VALUES ('It Follows Official Trailer 1 (2015) - Horror Movie HD','https://www.youtube.com/watch?v=HkZYbOH0ujw','','',2,8,3,NULL,0,14);
        INSERT INTO News(title, url, url_image, content, source_id, category_id, type_id, author, fake, subcategory_id) VALUES ('How Food Commercials Are Made','https://www.youtube.com/watch?v=d7iSFl5cp84','','',2,8,3,NULL,0,15);
        INSERT INTO News(title, url, url_image, content, source_id, category_id, type_id, author, fake, subcategory_id) VALUES ('Grimes & i_o - Violence (Official Video)','https://www.youtube.com/watch?v=M9SGYBHY0qs','','',2,8,3,NULL,0,16);

    -- endregion

    -- region Societal

        INSERT INTO News(title, url, url_image, content, source_id, category_id, type_id, author, fake, subcategory_id) VALUES ('Dans le cortège de la marche anti PMA','https://www.youtube.com/watch?v=EyS7rxlQe5U','','',2,11,3,NULL,0,17);
        INSERT INTO News(title, url, url_image, content, source_id, category_id, type_id, author, fake, subcategory_id) VALUES ('Human rights in two minutes','https://www.youtube.com/watch?v=ew993Wdc0zo','','',2,11,3,NULL,0,18);
        INSERT INTO News(title, url, url_image, content, source_id, category_id, type_id, author, fake, subcategory_id) VALUES ('Jean-Marie Le Pen crie Jeanne au secours !!!','https://www.youtube.com/watch?v=frc-MaJCvrc','','',2,11,3,NULL,0,19);
        INSERT INTO News(title, url, url_image, content, source_id, category_id, type_id, author, fake, subcategory_id) VALUES ('Covid-19 en France : les soignants inquiets face aux dernières annonces d''Emmanuel Macron','https://www.youtube.com/watch?v=Xyi4kA7b-Co','','',2,11,3,NULL,0,20);
        INSERT INTO News(title, url, url_image, content, source_id, category_id, type_id, author, fake, subcategory_id) VALUES ('HAPPY NEW YEAR 2020','https://www.youtube.com/watch?v=PpxMaGRFX50','','',2,11,3,NULL,0,21);
        INSERT INTO News(title, url, url_image, content, source_id, category_id, type_id, author, fake, subcategory_id) VALUES ('Nice & Cisco promotion video','https://www.youtube.com/watch?v=ytdWiVB2NMQ','','',2,11,3,NULL,0,23);
        INSERT INTO News(title, url, url_image, content, source_id, category_id, type_id, author, fake, subcategory_id) VALUES ('Coronavirus : les bourses plongent, le CAC 40 a perdu 4%. Faut-il paniquer ?','https://www.youtube.com/watch?v=Nh3J0LaHrH8','','',2,11,3,NULL,0,24);

    -- endregion

-- endregion

-- region Image news

    -- region Entertainment -1

        INSERT INTO News(title, url, url_image, content, source_id, category_id, type_id, author, fake, subcategory_id) VALUES ('','https://images.unsplash.com/photo-1505852012909-3da5aab64dcb?crop=entropy&cs=tinysrgb&fit=crop&fm=jpg&h=900&ixid=eyJhcHBfaWQiOjF9&ixlib=rb-1.2.1&q=80&w=1600','https://images.unsplash.com/photo-1505852012909-3da5aab64dcb?crop=entropy&cs=tinysrgb&fit=crop&fm=jpg&h=900&ixid=eyJhcHBfaWQiOjF9&ixlib=rb-1.2.1&q=80&w=1600','',4,1,2,'',0,1);
        INSERT INTO News(title, url, url_image, content, source_id, category_id, type_id, author, fake, subcategory_id) VALUES ('','https://images.unsplash.com/photo-1485833077593-4278bba3f11f?crop=entropy&cs=tinysrgb&fit=crop&fm=jpg&h=900&ixid=eyJhcHBfaWQiOjF9&ixlib=rb-1.2.1&q=80&w=1600','https://images.unsplash.com/photo-1485833077593-4278bba3f11f?crop=entropy&cs=tinysrgb&fit=crop&fm=jpg&h=900&ixid=eyJhcHBfaWQiOjF9&ixlib=rb-1.2.1&q=80&w=1600','',4,1,2,'',0,1); -- animals
        INSERT INTO News(title, url, url_image, content, source_id, category_id, type_id, author, fake, subcategory_id) VALUES ('','https://images.unsplash.com/photo-1542712880-f6abcf9be339?crop=entropy&cs=tinysrgb&fit=crop&fm=jpg&h=900&ixid=eyJhcHBfaWQiOjF9&ixlib=rb-1.2.1&q=80&w=1600','https://images.unsplash.com/photo-1542712880-f6abcf9be339?crop=entropy&cs=tinysrgb&fit=crop&fm=jpg&h=900&ixid=eyJhcHBfaWQiOjF9&ixlib=rb-1.2.1&q=80&w=1600','',4,1,2,'',0,2);
        INSERT INTO News(title, url, url_image, content, source_id, category_id, type_id, author, fake, subcategory_id) VALUES ('','https://images.unsplash.com/photo-1466921583968-f07aa80c526e?crop=entropy&cs=tinysrgb&fit=crop&fm=jpg&h=900&ixid=eyJhcHBfaWQiOjF9&ixlib=rb-1.2.1&q=80&w=1600','https://images.unsplash.com/photo-1466921583968-f07aa80c526e?crop=entropy&cs=tinysrgb&fit=crop&fm=jpg&h=900&ixid=eyJhcHBfaWQiOjF9&ixlib=rb-1.2.1&q=80&w=1600','',4,1,2,'',0,2); -- gag
        INSERT INTO News(title, url, url_image, content, source_id, category_id, type_id, author, fake, subcategory_id) VALUES ('','https://images.unsplash.com/photo-1496066061287-0e2dd8150a64?crop=entropy&cs=tinysrgb&fit=crop&fm=jpg&h=900&ixid=eyJhcHBfaWQiOjF9&ixlib=rb-1.2.1&q=80&w=1600','https://images.unsplash.com/photo-1496066061287-0e2dd8150a64?crop=entropy&cs=tinysrgb&fit=crop&fm=jpg&h=900&ixid=eyJhcHBfaWQiOjF9&ixlib=rb-1.2.1&q=80&w=1600','',4,1,2,'',0,3);
        INSERT INTO News(title, url, url_image, content, source_id, category_id, type_id, author, fake, subcategory_id) VALUES ('','https://images.unsplash.com/photo-1527694462861-e3e23d3ef840?crop=entropy&cs=tinysrgb&fit=crop&fm=jpg&h=900&ixid=eyJhcHBfaWQiOjF9&ixlib=rb-1.2.1&q=80&w=1600','https://images.unsplash.com/photo-1527694462861-e3e23d3ef840?crop=entropy&cs=tinysrgb&fit=crop&fm=jpg&h=900&ixid=eyJhcHBfaWQiOjF9&ixlib=rb-1.2.1&q=80&w=1600','',4,1,2,'',0,3); -- soft-porn
        INSERT INTO News(title, url, url_image, content, source_id, category_id, type_id, author, fake, subcategory_id) VALUES ('','https://images.unsplash.com/photo-1543328011-1c0d628fae09?crop=entropy&cs=tinysrgb&fit=crop&fm=jpg&h=900&ixid=eyJhcHBfaWQiOjF9&ixlib=rb-1.2.1&q=80&w=1600','https://images.unsplash.com/photo-1543328011-1c0d628fae09?crop=entropy&cs=tinysrgb&fit=crop&fm=jpg&h=900&ixid=eyJhcHBfaWQiOjF9&ixlib=rb-1.2.1&q=80&w=1600','',4,1,2,'',0,4);
        INSERT INTO News(title, url, url_image, content, source_id, category_id, type_id, author, fake, subcategory_id) VALUES ('','https://images.unsplash.com/photo-1521484358791-8c8504da415e?crop=entropy&cs=tinysrgb&fit=crop&fm=jpg&h=900&ixid=eyJhcHBfaWQiOjF9&ixlib=rb-1.2.1&q=80&w=1600','https://images.unsplash.com/photo-1521484358791-8c8504da415e?crop=entropy&cs=tinysrgb&fit=crop&fm=jpg&h=900&ixid=eyJhcHBfaWQiOjF9&ixlib=rb-1.2.1&q=80&w=1600','',4,1,2,'',0,4); -- video game
        INSERT INTO News(title, url, url_image, content, source_id, category_id, type_id, author, fake, subcategory_id) VALUES ('','https://images.unsplash.com/photo-1570582647329-5dfc8efa75eb?crop=entropy&cs=tinysrgb&fit=crop&fm=jpg&h=900&ixid=eyJhcHBfaWQiOjF9&ixlib=rb-1.2.1&q=80&w=1600','https://images.unsplash.com/photo-1570582647329-5dfc8efa75eb?crop=entropy&cs=tinysrgb&fit=crop&fm=jpg&h=900&ixid=eyJhcHBfaWQiOjF9&ixlib=rb-1.2.1&q=80&w=1600','',4,1,2,'',0,5);
        INSERT INTO News(title, url, url_image, content, source_id, category_id, type_id, author, fake, subcategory_id) VALUES ('','https://images.unsplash.com/photo-1571211037684-110ab36e820e?crop=entropy&cs=tinysrgb&fit=crop&fm=jpg&h=900&ixid=eyJhcHBfaWQiOjF9&ixlib=rb-1.2.1&q=80&w=1600','https://images.unsplash.com/photo-1571211037684-110ab36e820e?crop=entropy&cs=tinysrgb&fit=crop&fm=jpg&h=900&ixid=eyJhcHBfaWQiOjF9&ixlib=rb-1.2.1&q=80&w=1600','',4,1,2,'',0,5); -- vehicle
        INSERT INTO News(title, url, url_image, content, source_id, category_id, type_id, author, fake, subcategory_id) VALUES ('','https://images.unsplash.com/photo-1526297003708-f5a1c2c9c6e7?crop=entropy&cs=tinysrgb&fit=crop&fm=jpg&h=900&ixid=eyJhcHBfaWQiOjF9&ixlib=rb-1.2.1&q=80&w=1600','https://images.unsplash.com/photo-1526297003708-f5a1c2c9c6e7?crop=entropy&cs=tinysrgb&fit=crop&fm=jpg&h=900&ixid=eyJhcHBfaWQiOjF9&ixlib=rb-1.2.1&q=80&w=1600','',4,1,2,'',0,30);
        INSERT INTO News(title, url, url_image, content, source_id, category_id, type_id, author, fake, subcategory_id) VALUES ('','https://images.unsplash.com/photo-1505628346881-b72b27e84530?crop=entropy&cs=tinysrgb&fit=crop&fm=jpg&h=900&ixid=eyJhcHBfaWQiOjF9&ixlib=rb-1.2.1&q=80&w=1600','https://images.unsplash.com/photo-1505628346881-b72b27e84530?crop=entropy&cs=tinysrgb&fit=crop&fm=jpg&h=900&ixid=eyJhcHBfaWQiOjF9&ixlib=rb-1.2.1&q=80&w=1600','',4,1,2,'',0,30); -- humor
        INSERT INTO News(title, url, url_image, content, source_id, category_id, type_id, author, fake, subcategory_id) VALUES ('','https://unsplash.com/photos/Yp9FdEqaCdk/download?force=true&w=1920','https://unsplash.com/photos/Yp9FdEqaCdk/download?force=true&w=1920','',4,1,2,'',0,25); -- humor

    -- endregion

    -- region Science - 3

        INSERT INTO News(title, url, url_image, content, source_id, category_id, type_id, author, fake, subcategory_id) VALUES ('','https://images.unsplash.com/photo-1506272517965-ec6133efee7a?crop=entropy&cs=tinysrgb&fit=crop&fm=jpg&h=900&ixid=eyJhcHBfaWQiOjF9&ixlib=rb-1.2.1&q=80&w=1600','https://images.unsplash.com/photo-1506272517965-ec6133efee7a?crop=entropy&cs=tinysrgb&fit=crop&fm=jpg&h=900&ixid=eyJhcHBfaWQiOjF9&ixlib=rb-1.2.1&q=80&w=1600','',4,3,2,'',0,5);
        INSERT INTO News(title, url, url_image, content, source_id, category_id, type_id, author, fake, subcategory_id) VALUES ('','https://images.unsplash.com/photo-1548961283-82452ada120d?crop=entropy&cs=tinysrgb&fit=crop&fm=jpg&h=900&ixid=eyJhcHBfaWQiOjF9&ixlib=rb-1.2.1&q=80&w=1600','https://images.unsplash.com/photo-1548961283-82452ada120d?crop=entropy&cs=tinysrgb&fit=crop&fm=jpg&h=900&ixid=eyJhcHBfaWQiOjF9&ixlib=rb-1.2.1&q=80&w=1600','',4,3,2,'',0,5); -- astronomy
        INSERT INTO News(title, url, url_image, content, source_id, category_id, type_id, author, fake, subcategory_id) VALUES ('','https://images.unsplash.com/photo-1562070268-b473c84732f1?crop=entropy&cs=tinysrgb&fit=crop&fm=jpg&h=900&ixid=eyJhcHBfaWQiOjF9&ixlib=rb-1.2.1&q=80&w=1600','https://images.unsplash.com/photo-1562070268-b473c84732f1?crop=entropy&cs=tinysrgb&fit=crop&fm=jpg&h=900&ixid=eyJhcHBfaWQiOjF9&ixlib=rb-1.2.1&q=80&w=1600','',4,3,2,'',0,6);
        INSERT INTO News(title, url, url_image, content, source_id, category_id, type_id, author, fake, subcategory_id) VALUES ('','https://images.unsplash.com/photo-1579004464832-0c014afa448c?crop=entropy&cs=tinysrgb&fit=crop&fm=jpg&h=900&ixid=eyJhcHBfaWQiOjF9&ixlib=rb-1.2.1&q=80&w=1600','https://images.unsplash.com/photo-1579004464832-0c014afa448c?crop=entropy&cs=tinysrgb&fit=crop&fm=jpg&h=900&ixid=eyJhcHBfaWQiOjF9&ixlib=rb-1.2.1&q=80&w=1600','',4,3,2,'',0,6); -- climate
        INSERT INTO News(title, url, url_image, content, source_id, category_id, type_id, author, fake, subcategory_id) VALUES ('','https://images.unsplash.com/photo-1577734723294-85de4f1a2c6c?crop=entropy&cs=tinysrgb&fit=crop&fm=jpg&h=900&ixid=eyJhcHBfaWQiOjF9&ixlib=rb-1.2.1&q=80&w=1600','https://images.unsplash.com/photo-1577734723294-85de4f1a2c6c?crop=entropy&cs=tinysrgb&fit=crop&fm=jpg&h=900&ixid=eyJhcHBfaWQiOjF9&ixlib=rb-1.2.1&q=80&w=1600','',4,3,2,'',0,7);
        INSERT INTO News(title, url, url_image, content, source_id, category_id, type_id, author, fake, subcategory_id) VALUES ('','https://images.unsplash.com/photo-1578920103364-21678e392488?crop=entropy&cs=tinysrgb&fit=crop&fm=jpg&h=900&ixid=eyJhcHBfaWQiOjF9&ixlib=rb-1.2.1&q=80&w=1600','https://images.unsplash.com/photo-1578920103364-21678e392488?crop=entropy&cs=tinysrgb&fit=crop&fm=jpg&h=900&ixid=eyJhcHBfaWQiOjF9&ixlib=rb-1.2.1&q=80&w=1600','',4,3,2,'',0,7);  -- it
        INSERT INTO News(title, url, url_image, content, source_id, category_id, type_id, author, fake, subcategory_id) VALUES ('','https://images.unsplash.com/photo-1471864190281-a93a3070b6de?crop=entropy&cs=tinysrgb&fit=crop&fm=jpg&h=900&ixid=eyJhcHBfaWQiOjF9&ixlib=rb-1.2.1&q=80&w=1600','https://images.unsplash.com/photo-1471864190281-a93a3070b6de?crop=entropy&cs=tinysrgb&fit=crop&fm=jpg&h=900&ixid=eyJhcHBfaWQiOjF9&ixlib=rb-1.2.1&q=80&w=1600','',4,3,2,'',0,8);
        INSERT INTO News(title, url, url_image, content, source_id, category_id, type_id, author, fake, subcategory_id) VALUES ('','https://images.unsplash.com/photo-1576670158706-8d5b044b61da?crop=entropy&cs=tinysrgb&fit=crop&fm=jpg&h=900&ixid=eyJhcHBfaWQiOjF9&ixlib=rb-1.2.1&q=80&w=1600','https://images.unsplash.com/photo-1576670158706-8d5b044b61da?crop=entropy&cs=tinysrgb&fit=crop&fm=jpg&h=900&ixid=eyJhcHBfaWQiOjF9&ixlib=rb-1.2.1&q=80&w=1600','',4,3,2,'',0,8); -- medicine
        INSERT INTO News(title, url, url_image, content, source_id, category_id, type_id, author, fake, subcategory_id) VALUES ('','https://images.unsplash.com/photo-1517420704952-d9f39e95b43e?crop=entropy&cs=tinysrgb&fit=crop&fm=jpg&h=900&ixid=eyJhcHBfaWQiOjF9&ixlib=rb-1.2.1&q=80&w=1600','https://images.unsplash.com/photo-1517420704952-d9f39e95b43e?crop=entropy&cs=tinysrgb&fit=crop&fm=jpg&h=900&ixid=eyJhcHBfaWQiOjF9&ixlib=rb-1.2.1&q=80&w=1600','',4,3,2,'',0,9);
        INSERT INTO News(title, url, url_image, content, source_id, category_id, type_id, author, fake, subcategory_id) VALUES ('','https://images.unsplash.com/photo-1568214379698-8aeb8c6c6ac8?crop=entropy&cs=tinysrgb&fit=crop&fm=jpg&h=900&ixid=eyJhcHBfaWQiOjF9&ixlib=rb-1.2.1&q=80&w=1600','https://images.unsplash.com/photo-1568214379698-8aeb8c6c6ac8?crop=entropy&cs=tinysrgb&fit=crop&fm=jpg&h=900&ixid=eyJhcHBfaWQiOjF9&ixlib=rb-1.2.1&q=80&w=1600','',4,3,2,'',0,9); -- physics
        INSERT INTO News(title, url, url_image, content, source_id, category_id, type_id, author, fake, subcategory_id) VALUES ('','https://images.unsplash.com/photo-1585067985549-50896fea3ccd?crop=entropy&cs=tinysrgb&fit=crop&fm=jpg&h=900&ixid=eyJhcHBfaWQiOjF9&ixlib=rb-1.2.1&q=80&w=1600','https://images.unsplash.com/photo-1585067985549-50896fea3ccd?crop=entropy&cs=tinysrgb&fit=crop&fm=jpg&h=900&ixid=eyJhcHBfaWQiOjF9&ixlib=rb-1.2.1&q=80&w=1600','',4,3,2,'',0,22);
        INSERT INTO News(title, url, url_image, content, source_id, category_id, type_id, author, fake, subcategory_id) VALUES ('','https://images.unsplash.com/photo-1576767810583-046a1f7da256?crop=entropy&cs=tinysrgb&fit=crop&fm=jpg&h=900&ixid=eyJhcHBfaWQiOjF9&ixlib=rb-1.2.1&q=80&w=1600','https://images.unsplash.com/photo-1576767810583-046a1f7da256?crop=entropy&cs=tinysrgb&fit=crop&fm=jpg&h=900&ixid=eyJhcHBfaWQiOjF9&ixlib=rb-1.2.1&q=80&w=1600','',4,3,2,'',0,22); --earth life


    -- endregion

    -- region Sports - 4

        INSERT INTO News(title, url, url_image, content, source_id, category_id, type_id, author, fake, subcategory_id) VALUES ('','https://images.unsplash.com/photo-1543351611-58f69d7c1781?crop=entropy&cs=tinysrgb&fit=crop&fm=jpg&h=900&ixid=eyJhcHBfaWQiOjF9&ixlib=rb-1.2.1&q=80&w=1600','https://images.unsplash.com/photo-1543351611-58f69d7c1781?crop=entropy&cs=tinysrgb&fit=crop&fm=jpg&h=900&ixid=eyJhcHBfaWQiOjF9&ixlib=rb-1.2.1&q=80&w=1600','',4,4,2,'',0,10);
        INSERT INTO News(title, url, url_image, content, source_id, category_id, type_id, author, fake, subcategory_id) VALUES ('','https://images.unsplash.com/photo-1541983663620-7571a820610c?crop=entropy&cs=tinysrgb&fit=crop&fm=jpg&h=900&ixid=eyJhcHBfaWQiOjF9&ixlib=rb-1.2.1&q=80&w=1600','https://images.unsplash.com/photo-1541983663620-7571a820610c?crop=entropy&cs=tinysrgb&fit=crop&fm=jpg&h=900&ixid=eyJhcHBfaWQiOjF9&ixlib=rb-1.2.1&q=80&w=1600','',4,4,2,'',0,10); -- balls
        INSERT INTO News(title, url, url_image, content, source_id, category_id, type_id, author, fake, subcategory_id) VALUES ('','https://images.unsplash.com/photo-1578971102567-916960872844?crop=entropy&cs=tinysrgb&fit=crop&fm=jpg&h=900&ixid=eyJhcHBfaWQiOjF9&ixlib=rb-1.2.1&q=80&w=1600','https://images.unsplash.com/photo-1578971102567-916960872844?crop=entropy&cs=tinysrgb&fit=crop&fm=jpg&h=900&ixid=eyJhcHBfaWQiOjF9&ixlib=rb-1.2.1&q=80&w=1600','',4,4,2,'',0,11);
        INSERT INTO News(title, url, url_image, content, source_id, category_id, type_id, author, fake, subcategory_id) VALUES ('','https://images.unsplash.com/photo-1542990254-6a8126153b7a?crop=entropy&cs=tinysrgb&fit=crop&fm=jpg&h=900&ixid=eyJhcHBfaWQiOjF9&ixlib=rb-1.2.1&q=80&w=1600','https://images.unsplash.com/photo-1542990254-6a8126153b7a?crop=entropy&cs=tinysrgb&fit=crop&fm=jpg&h=900&ixid=eyJhcHBfaWQiOjF9&ixlib=rb-1.2.1&q=80&w=1600','',4,4,2,'',0,11); -- fitness
        INSERT INTO News(title, url, url_image, content, source_id, category_id, type_id, author, fake, subcategory_id) VALUES ('','https://images.unsplash.com/photo-1550422487-27fe1986dd89?crop=entropy&cs=tinysrgb&fit=crop&fm=jpg&h=900&ixid=eyJhcHBfaWQiOjF9&ixlib=rb-1.2.1&q=80&w=1600','https://images.unsplash.com/photo-1550422487-27fe1986dd89?crop=entropy&cs=tinysrgb&fit=crop&fm=jpg&h=900&ixid=eyJhcHBfaWQiOjF9&ixlib=rb-1.2.1&q=80&w=1600','',4,4,2,'',0,12);
        INSERT INTO News(title, url, url_image, content, source_id, category_id, type_id, author, fake, subcategory_id) VALUES ('','https://images.unsplash.com/photo-1566093284990-aefe8cc59698?crop=entropy&cs=tinysrgb&fit=crop&fm=jpg&h=900&ixid=eyJhcHBfaWQiOjF9&ixlib=rb-1.2.1&q=80&w=1600','https://images.unsplash.com/photo-1566093284990-aefe8cc59698?crop=entropy&cs=tinysrgb&fit=crop&fm=jpg&h=900&ixid=eyJhcHBfaWQiOjF9&ixlib=rb-1.2.1&q=80&w=1600','',4,4,2,'',0,12); -- rackets
        INSERT INTO News(title, url, url_image, content, source_id, category_id, type_id, author, fake, subcategory_id) VALUES ('','https://images.unsplash.com/photo-1583051663501-de1f00bd6ad4?crop=entropy&cs=tinysrgb&fit=crop&fm=jpg&h=900&ixid=eyJhcHBfaWQiOjF9&ixlib=rb-1.2.1&q=80&w=1600','https://images.unsplash.com/photo-1583051663501-de1f00bd6ad4?crop=entropy&cs=tinysrgb&fit=crop&fm=jpg&h=900&ixid=eyJhcHBfaWQiOjF9&ixlib=rb-1.2.1&q=80&w=1600','',4,4,2,'',0,26);
        INSERT INTO News(title, url, url_image, content, source_id, category_id, type_id, author, fake, subcategory_id) VALUES ('','https://images.unsplash.com/photo-1526676037777-05a232554f77?crop=entropy&cs=tinysrgb&fit=crop&fm=jpg&h=900&ixid=eyJhcHBfaWQiOjF9&ixlib=rb-1.2.1&q=80&w=1600','https://images.unsplash.com/photo-1526676037777-05a232554f77?crop=entropy&cs=tinysrgb&fit=crop&fm=jpg&h=900&ixid=eyJhcHBfaWQiOjF9&ixlib=rb-1.2.1&q=80&w=1600','',4,4,2,'',0,26); -- athletism
        INSERT INTO News(title, url, url_image, content, source_id, category_id, type_id, author, fake, subcategory_id) VALUES ('','https://images.unsplash.com/photo-1485618609651-5a8bd6efc777?crop=entropy&cs=tinysrgb&fit=crop&fm=jpg&h=900&ixid=eyJhcHBfaWQiOjF9&ixlib=rb-1.2.1&q=80&w=1600','https://images.unsplash.com/photo-1485618609651-5a8bd6efc777?crop=entropy&cs=tinysrgb&fit=crop&fm=jpg&h=900&ixid=eyJhcHBfaWQiOjF9&ixlib=rb-1.2.1&q=80&w=1600','',4,4,2,'',0,27);
        INSERT INTO News(title, url, url_image, content, source_id, category_id, type_id, author, fake, subcategory_id) VALUES ('','https://images.unsplash.com/photo-1542937307-a570f5351942?crop=entropy&cs=tinysrgb&fit=crop&fm=jpg&h=900&ixid=eyJhcHBfaWQiOjF9&ixlib=rb-1.2.1&q=80&w=1600','https://images.unsplash.com/photo-1542937307-a570f5351942?crop=entropy&cs=tinysrgb&fit=crop&fm=jpg&h=900&ixid=eyJhcHBfaWQiOjF9&ixlib=rb-1.2.1&q=80&w=1600','',4,4,2,'',0,27); -- fight
        INSERT INTO News(title, url, url_image, content, source_id, category_id, type_id, author, fake, subcategory_id) VALUES ('','https://images.unsplash.com/photo-1508176850193-21de4476f385?crop=entropy&cs=tinysrgb&fit=crop&fm=jpg&h=900&ixid=eyJhcHBfaWQiOjF9&ixlib=rb-1.2.1&q=80&w=1600','https://images.unsplash.com/photo-1508176850193-21de4476f385?crop=entropy&cs=tinysrgb&fit=crop&fm=jpg&h=900&ixid=eyJhcHBfaWQiOjF9&ixlib=rb-1.2.1&q=80&w=1600','',4,4,2,'',0,28);
        INSERT INTO News(title, url, url_image, content, source_id, category_id, type_id, author, fake, subcategory_id) VALUES ('','https://images.unsplash.com/photo-1551501419-cb31cdd588d6?crop=entropy&cs=tinysrgb&fit=crop&fm=jpg&h=900&ixid=eyJhcHBfaWQiOjF9&ixlib=rb-1.2.1&q=80&w=1600','https://images.unsplash.com/photo-1551501419-cb31cdd588d6?crop=entropy&cs=tinysrgb&fit=crop&fm=jpg&h=900&ixid=eyJhcHBfaWQiOjF9&ixlib=rb-1.2.1&q=80&w=1600','',4,4,2,'',0,28); -- car
        INSERT INTO News(title, url, url_image, content, source_id, category_id, type_id, author, fake, subcategory_id) VALUES ('','https://images.unsplash.com/photo-1522445263200-1b4b91053db8?crop=entropy&cs=tinysrgb&fit=crop&fm=jpg&h=900&ixid=eyJhcHBfaWQiOjF9&ixlib=rb-1.2.1&q=80&w=1600','https://images.unsplash.com/photo-1522445263200-1b4b91053db8?crop=entropy&cs=tinysrgb&fit=crop&fm=jpg&h=900&ixid=eyJhcHBfaWQiOjF9&ixlib=rb-1.2.1&q=80&w=1600','',4,4,2,'',0,29);
        INSERT INTO News(title, url, url_image, content, source_id, category_id, type_id, author, fake, subcategory_id) VALUES ('','https://images.unsplash.com/photo-1520846032611-bfafebb8be67?crop=entropy&cs=tinysrgb&fit=crop&fm=jpg&h=900&ixid=eyJhcHBfaWQiOjF9&ixlib=rb-1.2.1&q=80&w=1600','https://images.unsplash.com/photo-1520846032611-bfafebb8be67?crop=entropy&cs=tinysrgb&fit=crop&fm=jpg&h=900&ixid=eyJhcHBfaWQiOjF9&ixlib=rb-1.2.1&q=80&w=1600','',4,4,2,'',0,29); -- winter

    -- endregion

    -- region Culture - 8

         INSERT INTO News(title, url, url_image, content, source_id, category_id, type_id, author, fake, subcategory_id) VALUES ('','https://images.unsplash.com/photo-1583526241256-cb18e8635e5b?crop=entropy&cs=tinysrgb&fit=crop&fm=jpg&h=900&ixid=eyJhcHBfaWQiOjF9&ixlib=rb-1.2.1&q=80&w=1600','https://images.unsplash.com/photo-1583526241256-cb18e8635e5b?crop=entropy&cs=tinysrgb&fit=crop&fm=jpg&h=900&ixid=eyJhcHBfaWQiOjF9&ixlib=rb-1.2.1&q=80&w=1600','',4,8,2,'',0,13);
         INSERT INTO News(title, url, url_image, content, source_id, category_id, type_id, author, fake, subcategory_id) VALUES ('','https://images.unsplash.com/photo-1553928541-d0ca7560d96a?crop=entropy&cs=tinysrgb&fit=crop&fm=jpg&h=900&ixid=eyJhcHBfaWQiOjF9&ixlib=rb-1.2.1&q=80&w=1600','https://images.unsplash.com/photo-1553928541-d0ca7560d96a?crop=entropy&cs=tinysrgb&fit=crop&fm=jpg&h=900&ixid=eyJhcHBfaWQiOjF9&ixlib=rb-1.2.1&q=80&w=1600','',4,8,2,'',0,13); -- books
         INSERT INTO News(title, url, url_image, content, source_id, category_id, type_id, author, fake, subcategory_id) VALUES ('','https://images.unsplash.com/photo-1583477007746-ac5565a1c79b?crop=entropy&cs=tinysrgb&fit=crop&fm=jpg&h=900&ixid=eyJhcHBfaWQiOjF9&ixlib=rb-1.2.1&q=80&w=1600','https://images.unsplash.com/photo-1583477007746-ac5565a1c79b?crop=entropy&cs=tinysrgb&fit=crop&fm=jpg&h=900&ixid=eyJhcHBfaWQiOjF9&ixlib=rb-1.2.1&q=80&w=1600','',4,8,2,'',0,14);
         INSERT INTO News(title, url, url_image, content, source_id, category_id, type_id, author, fake, subcategory_id) VALUES ('','https://images.unsplash.com/photo-1568711146297-b8674c3c11b6?crop=entropy&cs=tinysrgb&fit=crop&fm=jpg&h=900&ixid=eyJhcHBfaWQiOjF9&ixlib=rb-1.2.1&q=80&w=1600','https://images.unsplash.com/photo-1568711146297-b8674c3c11b6?crop=entropy&cs=tinysrgb&fit=crop&fm=jpg&h=900&ixid=eyJhcHBfaWQiOjF9&ixlib=rb-1.2.1&q=80&w=1600','',4,8,2,'',0,14); -- cinema
         INSERT INTO News(title, url, url_image, content, source_id, category_id, type_id, author, fake, subcategory_id) VALUES ('','https://images.unsplash.com/photo-1564875055867-c03878af6f9a?crop=entropy&cs=tinysrgb&fit=crop&fm=jpg&h=900&ixid=eyJhcHBfaWQiOjF9&ixlib=rb-1.2.1&q=80&w=1600','https://images.unsplash.com/photo-1564875055867-c03878af6f9a?crop=entropy&cs=tinysrgb&fit=crop&fm=jpg&h=900&ixid=eyJhcHBfaWQiOjF9&ixlib=rb-1.2.1&q=80&w=1600','',4,8,2,'',0,15);
         INSERT INTO News(title, url, url_image, content, source_id, category_id, type_id, author, fake, subcategory_id) VALUES ('','https://images.unsplash.com/photo-1456418047667-56bcd35b1a88?crop=entropy&cs=tinysrgb&fit=crop&fm=jpg&h=900&ixid=eyJhcHBfaWQiOjF9&ixlib=rb-1.2.1&q=80&w=1600','https://images.unsplash.com/photo-1456418047667-56bcd35b1a88?crop=entropy&cs=tinysrgb&fit=crop&fm=jpg&h=900&ixid=eyJhcHBfaWQiOjF9&ixlib=rb-1.2.1&q=80&w=1600','',4,8,2,'',0,15); -- food
         INSERT INTO News(title, url, url_image, content, source_id, category_id, type_id, author, fake, subcategory_id) VALUES ('','https://images.unsplash.com/photo-1518609878373-06d740f60d8b?crop=entropy&cs=tinysrgb&fit=crop&fm=jpg&h=900&ixid=eyJhcHBfaWQiOjF9&ixlib=rb-1.2.1&q=80&w=1600','https://images.unsplash.com/photo-1518609878373-06d740f60d8b?crop=entropy&cs=tinysrgb&fit=crop&fm=jpg&h=900&ixid=eyJhcHBfaWQiOjF9&ixlib=rb-1.2.1&q=80&w=1600','',4,8,2,'',0,16);
         INSERT INTO News(title, url, url_image, content, source_id, category_id, type_id, author, fake, subcategory_id) VALUES ('','https://images.unsplash.com/photo-1504653601220-f1a8ece25e4a?crop=entropy&cs=tinysrgb&fit=crop&fm=jpg&h=900&ixid=eyJhcHBfaWQiOjF9&ixlib=rb-1.2.1&q=80&w=1600','https://images.unsplash.com/photo-1504653601220-f1a8ece25e4a?crop=entropy&cs=tinysrgb&fit=crop&fm=jpg&h=900&ixid=eyJhcHBfaWQiOjF9&ixlib=rb-1.2.1&q=80&w=1600','',4,8,2,'',0,16); -- music


    -- endregion

    -- region Societal - 11

         INSERT INTO News(title, url, url_image, content, source_id, category_id, type_id, author, fake, subcategory_id) VALUES ('','https://images.unsplash.com/photo-1540593463874-59835505e99d?crop=entropy&cs=tinysrgb&fit=crop&fm=jpg&h=900&ixid=eyJhcHBfaWQiOjF9&ixlib=rb-1.2.1&q=80&w=1600','https://images.unsplash.com/photo-1540593463874-59835505e99d?crop=entropy&cs=tinysrgb&fit=crop&fm=jpg&h=900&ixid=eyJhcHBfaWQiOjF9&ixlib=rb-1.2.1&q=80&w=1600','',4,11,2,'',0,17);
         INSERT INTO News(title, url, url_image, content, source_id, category_id, type_id, author, fake, subcategory_id) VALUES ('','https://images.unsplash.com/photo-1506456331400-7088248a8db1?crop=entropy&cs=tinysrgb&fit=crop&fm=jpg&h=900&ixid=eyJhcHBfaWQiOjF9&ixlib=rb-1.2.1&q=80&w=1600','https://images.unsplash.com/photo-1506456331400-7088248a8db1?crop=entropy&cs=tinysrgb&fit=crop&fm=jpg&h=900&ixid=eyJhcHBfaWQiOjF9&ixlib=rb-1.2.1&q=80&w=1600','',4,11,2,'',0,17); -- family
         INSERT INTO News(title, url, url_image, content, source_id, category_id, type_id, author, fake, subcategory_id) VALUES ('','https://images.unsplash.com/photo-1531117192283-a41f6a903348?crop=entropy&cs=tinysrgb&fit=crop&fm=jpg&h=900&ixid=eyJhcHBfaWQiOjF9&ixlib=rb-1.2.1&q=80&w=1600','https://images.unsplash.com/photo-1531117192283-a41f6a903348?crop=entropy&cs=tinysrgb&fit=crop&fm=jpg&h=900&ixid=eyJhcHBfaWQiOjF9&ixlib=rb-1.2.1&q=80&w=1600','',4,11,2,'',0,18);
         INSERT INTO News(title, url, url_image, content, source_id, category_id, type_id, author, fake, subcategory_id) VALUES ('','https://images.unsplash.com/photo-1540908390241-82158ab62887?crop=entropy&cs=tinysrgb&fit=crop&fm=jpg&h=900&ixid=eyJhcHBfaWQiOjF9&ixlib=rb-1.2.1&q=80&w=1600','https://images.unsplash.com/photo-1540908390241-82158ab62887?crop=entropy&cs=tinysrgb&fit=crop&fm=jpg&h=900&ixid=eyJhcHBfaWQiOjF9&ixlib=rb-1.2.1&q=80&w=1600','',4,11,2,'',0,18); -- human rights
         INSERT INTO News(title, url, url_image, content, source_id, category_id, type_id, author, fake, subcategory_id) VALUES ('','https://images.unsplash.com/photo-1554729965-5a43dba76569?crop=entropy&cs=tinysrgb&fit=crop&fm=jpg&h=900&ixid=eyJhcHBfaWQiOjF9&ixlib=rb-1.2.1&q=80&w=1600','https://images.unsplash.com/photo-1554729965-5a43dba76569?crop=entropy&cs=tinysrgb&fit=crop&fm=jpg&h=900&ixid=eyJhcHBfaWQiOjF9&ixlib=rb-1.2.1&q=80&w=1600','',4,11,2,'',0,19);
         INSERT INTO News(title, url, url_image, content, source_id, category_id, type_id, author, fake, subcategory_id) VALUES ('','https://images.unsplash.com/photo-1534598974068-2d51eda7628f?crop=entropy&cs=tinysrgb&fit=crop&fm=jpg&h=900&ixid=eyJhcHBfaWQiOjF9&ixlib=rb-1.2.1&q=80&w=1600','https://images.unsplash.com/photo-1534598974068-2d51eda7628f?crop=entropy&cs=tinysrgb&fit=crop&fm=jpg&h=900&ixid=eyJhcHBfaWQiOjF9&ixlib=rb-1.2.1&q=80&w=1600','',4,11,2,'',0,19); -- politics
         INSERT INTO News(title, url, url_image, content, source_id, category_id, type_id, author, fake, subcategory_id) VALUES ('','https://images.unsplash.com/photo-1584652812805-2192cf80731d?crop=entropy&cs=tinysrgb&fit=crop&fm=jpg&h=900&ixid=eyJhcHBfaWQiOjF9&ixlib=rb-1.2.1&q=80&w=1600','https://images.unsplash.com/photo-1584652812805-2192cf80731d?crop=entropy&cs=tinysrgb&fit=crop&fm=jpg&h=900&ixid=eyJhcHBfaWQiOjF9&ixlib=rb-1.2.1&q=80&w=1600','',4,11,2,'',0,20);
         INSERT INTO News(title, url, url_image, content, source_id, category_id, type_id, author, fake, subcategory_id) VALUES ('','https://images.unsplash.com/photo-1584573277254-357585d4bbdd?crop=entropy&cs=tinysrgb&fit=crop&fm=jpg&h=900&ixid=eyJhcHBfaWQiOjF9&ixlib=rb-1.2.1&q=80&w=1600','https://images.unsplash.com/photo-1584573277254-357585d4bbdd?crop=entropy&cs=tinysrgb&fit=crop&fm=jpg&h=900&ixid=eyJhcHBfaWQiOjF9&ixlib=rb-1.2.1&q=80&w=1600','',4,11,2,'',0,20); -- epidemic
         INSERT INTO News(title, url, url_image, content, source_id, category_id, type_id, author, fake, subcategory_id) VALUES ('','https://source.unsplash.com/1600x900/?celebration','https://source.unsplash.com/1600x900/?celebration','',4,11,2,'',0,21);
         INSERT INTO News(title, url, url_image, content, source_id, category_id, type_id, author, fake, subcategory_id) VALUES ('','https://images.unsplash.com/photo-1502756869792-103ffdef9c10?crop=entropy&cs=tinysrgb&fit=crop&fm=jpg&h=900&ixid=eyJhcHBfaWQiOjF9&ixlib=rb-1.2.1&q=80&w=1600','https://images.unsplash.com/photo-1502756869792-103ffdef9c10?crop=entropy&cs=tinysrgb&fit=crop&fm=jpg&h=900&ixid=eyJhcHBfaWQiOjF9&ixlib=rb-1.2.1&q=80&w=1600','',4,11,2,'',0,21); -- celebration
         INSERT INTO News(title, url, url_image, content, source_id, category_id, type_id, author, fake, subcategory_id) VALUES ('','https://images.unsplash.com/photo-1553895501-af9e282e7fc1?crop=entropy&cs=tinysrgb&fit=crop&fm=jpg&h=900&ixid=eyJhcHBfaWQiOjF9&ixlib=rb-1.2.1&q=80&w=1600','https://images.unsplash.com/photo-1553895501-af9e282e7fc1?crop=entropy&cs=tinysrgb&fit=crop&fm=jpg&h=900&ixid=eyJhcHBfaWQiOjF9&ixlib=rb-1.2.1&q=80&w=1600','',4,11,2,'',0,23);
         INSERT INTO News(title, url, url_image, content, source_id, category_id, type_id, author, fake, subcategory_id) VALUES ('','https://images.unsplash.com/photo-1533895328642-8035bacd565a?crop=entropy&cs=tinysrgb&fit=crop&fm=jpg&h=900&ixid=eyJhcHBfaWQiOjF9&ixlib=rb-1.2.1&q=80&w=1600','https://images.unsplash.com/photo-1533895328642-8035bacd565a?crop=entropy&cs=tinysrgb&fit=crop&fm=jpg&h=900&ixid=eyJhcHBfaWQiOjF9&ixlib=rb-1.2.1&q=80&w=1600','',4,11,2,'',0,23); -- companies
         INSERT INTO News(title, url, url_image, content, source_id, category_id, type_id, author, fake, subcategory_id) VALUES ('','https://images.unsplash.com/photo-1579532582937-16c108930bf6?crop=entropy&cs=tinysrgb&fit=crop&fm=jpg&h=900&ixid=eyJhcHBfaWQiOjF9&ixlib=rb-1.2.1&q=80&w=1600','https://images.unsplash.com/photo-1579532582937-16c108930bf6?crop=entropy&cs=tinysrgb&fit=crop&fm=jpg&h=900&ixid=eyJhcHBfaWQiOjF9&ixlib=rb-1.2.1&q=80&w=1600','',4,11,2,'',0,24);
         INSERT INTO News(title, url, url_image, content, source_id, category_id, type_id, author, fake, subcategory_id) VALUES ('','https://images.unsplash.com/photo-1504711434969-e33886168f5c?crop=entropy&cs=tinysrgb&fit=crop&fm=jpg&h=900&ixid=eyJhcHBfaWQiOjF9&ixlib=rb-1.2.1&q=80&w=1600','https://images.unsplash.com/photo-1504711434969-e33886168f5c?crop=entropy&cs=tinysrgb&fit=crop&fm=jpg&h=900&ixid=eyJhcHBfaWQiOjF9&ixlib=rb-1.2.1&q=80&w=1600','',4,11,2,'',0,24); -- finance

    -- endregion

-- endregion


CREATE TABLE Game (
    id INTEGER PRIMARY KEY AUTOINCREMENT,
    news_id INTEGER NOT NULL,
    user_id INTEGER NOT NULL,
    passed_time INTEGER DEFAULT NULL,
    liked INTEGER NOT NULL DEFAULT 0,

    FOREIGN KEY (news_id) REFERENCES News(id),
    FOREIGN KEY (user_id) REFERENCES User(id)
);

COMMIT;
